昵称,性别,签名,回复数,点赞数,评论内容,等级,评论时间
小脑斧张张,男,这个人懒死了……,41,223,作为一个电信的工程师，我默默的打开了智慧运维，登录我的工位，点开超级密码查询，输入宽带账号，超级密码就出来了[热词系列_妙啊],5,20220102
小泉云,男,"挚爱艾拉






愿有一天你能与你最重要的人重逢",12,128,"天翼网关光猫还有一种方法，但是只限于个别地方的，
就是在你后台登陆地址那加:8080
比如我的是192.168.1.1
那登陆地址就是192.168.1.1:8080

默认登陆密码就是你背面贴的那个也就是你普通登陆面板登陆的那个密码。",5,20220110
玄虚烟,保密,,23,107,"教你们一个更方便的，直接F12，选择console.
输入 openfile("".."")  [doge]",5,20220103
阿里八8,保密,,10,44,之前试了很久都没成功，师傅说给了也会自动修改的。当我终于把密码搞出来之后，网上铺天盖地的方法。这就是大数据监视吗？买完鼠标就推荐鼠标，学刷机好不容易自己弄明白之后 酷安就给出各种基础教程，学会破光猫之后 网上遇到破光猫的视频。这有点欺负人啊,4,20220103
ITA灬小宇,男,Make Believe,7,32,nE7jA%5m,6,20220109
小白酱QVQ,保密,,2,24,河北表示找过淘宝，告诉我网上的默认密码即可，连钱都没收[笑哭][笑哭],6,20220103
UMRcoding,男,时代，前进 !,5,22,"【置顶】♥  下  崽  联  结
链接：https://pan.baidu.com/s/1NW1_zK8OlNXDPk8VHZ8DqQ 
提取码：yyds",5,20220102
很欧的欧皇,保密,专治各种装逼……,12,21,"以前按照百度搜出来的教程整过，然后发现光猫太垃圾的，想要干啥都不行[笑哭]整个公网映射指定ip和端口啥的，改个hosts都麻烦……
然后电话给客服直接改桥接，然后在路由器上整，还能多拨，开指定ip加速啥的[笑哭]",6,20220103
Yarrey,男,,6,14,我的两级..后 是空目录[呆],3,20220107
黑心狐狸,男,,10,10,电信那边可以远程改光猫配置，巨离谱，隔几天又被改回来了[捂脸],6,20220103
今秋似往昔,保密,,0,10,目录穿越 任意文件读写漏洞组合利用get到新思路[思考],5,20220102
Niceshot001,保密,,0,9,23测试两个方法均不可用，文件是不是被隐藏了，进入根目录不显示任何文件,5,20220123
大猪Piggy,保密,,4,9,"老的有默认密码：nE7jA%5m
[藏狐]",5,20220111
太息之魂,男,叹隙中驹，石中火，梦中身。,0,7,想问UP一个问题，我家的是移动的光猫，也是猫WIFI一体的，河北的，明明普通管理员页面支持桥接设置，但我用我的老WIFI桥接这个光猫能设置，也能搜到，但就是不走流量，是我设置问题吗？我这个老WIFI桥接邻居的WIFI就很好用，但邻居经常关无线，整的我很烦，每次玩电脑都用手机连无线再用USB共享网络[笑哭]，连上了手机都不敢动，动一下说不定就“叮咚”USB断联了。,6,20220119
曹员外_,男,小生不才，硬不起来,9,9,"没有usb的可以试试通过小翼管家获取
http://m.yuanwai.xyz/index.php/archives/15/
上面不能进的话
https://www.coolapk.com/feed/33501113?shareKey=MDgwNzQ2YWNiY2Y1NjIyMGIyM2Y~&shareUid=627334&shareFrom=com.coolapk.market_12.0.6",6,20220303
清水 一樹,保密,,0,6,现在新网关都是sdn网关了，巨难用,6,20220104
lis925,保密,,4,8,我都把送的光猫换成自己买的企业光猫了，想改啥就改啥，密码自己设,4,20220103
周富贵er,男,为人民服务！,0,5,我看不懂，但是我大受震撼,4,20220103
wndWhisper,男,,1,4,我之前也只是想登录，他们不让，然后来问我是不是网络有什么问题，然后莫名其妙让师傅上门来修，我？？？[辣眼睛],5,20220107
小脑斧张张,男,这个人懒死了……,41,223,作为一个电信的工程师，我默默的打开了智慧运维，登录我的工位，点开超级密码查询，输入宽带账号，超级密码就出来了[热词系列_妙啊],5,20220102
小泉云,男,"挚爱艾拉






愿有一天你能与你最重要的人重逢",12,128,"天翼网关光猫还有一种方法，但是只限于个别地方的，
就是在你后台登陆地址那加:8080
比如我的是192.168.1.1
那登陆地址就是192.168.1.1:8080

默认登陆密码就是你背面贴的那个也就是你普通登陆面板登陆的那个密码。",5,20220110
玄虚烟,保密,,23,107,"教你们一个更方便的，直接F12，选择console.
输入 openfile("".."")  [doge]",5,20220103
阿里八8,保密,,10,44,之前试了很久都没成功，师傅说给了也会自动修改的。当我终于把密码搞出来之后，网上铺天盖地的方法。这就是大数据监视吗？买完鼠标就推荐鼠标，学刷机好不容易自己弄明白之后 酷安就给出各种基础教程，学会破光猫之后 网上遇到破光猫的视频。这有点欺负人啊,4,20220103
ITA灬小宇,男,Make Believe,7,32,nE7jA%5m,6,20220109
小白酱QVQ,保密,,2,24,河北表示找过淘宝，告诉我网上的默认密码即可，连钱都没收[笑哭][笑哭],6,20220103
UMRcoding,男,时代，前进 !,5,22,"【置顶】♥  下  崽  联  结
链接：https://pan.baidu.com/s/1NW1_zK8OlNXDPk8VHZ8DqQ 
提取码：yyds",5,20220102
很欧的欧皇,保密,专治各种装逼……,12,21,"以前按照百度搜出来的教程整过，然后发现光猫太垃圾的，想要干啥都不行[笑哭]整个公网映射指定ip和端口啥的，改个hosts都麻烦……
然后电话给客服直接改桥接，然后在路由器上整，还能多拨，开指定ip加速啥的[笑哭]",6,20220103
Yarrey,男,,6,14,我的两级..后 是空目录[呆],3,20220107
黑心狐狸,男,,10,10,电信那边可以远程改光猫配置，巨离谱，隔几天又被改回来了[捂脸],6,20220103
今秋似往昔,保密,,0,10,目录穿越 任意文件读写漏洞组合利用get到新思路[思考],5,20220102
Niceshot001,保密,,0,9,23测试两个方法均不可用，文件是不是被隐藏了，进入根目录不显示任何文件,5,20220123
大猪Piggy,保密,,4,9,"老的有默认密码：nE7jA%5m
[藏狐]",5,20220111
太息之魂,男,叹隙中驹，石中火，梦中身。,0,7,想问UP一个问题，我家的是移动的光猫，也是猫WIFI一体的，河北的，明明普通管理员页面支持桥接设置，但我用我的老WIFI桥接这个光猫能设置，也能搜到，但就是不走流量，是我设置问题吗？我这个老WIFI桥接邻居的WIFI就很好用，但邻居经常关无线，整的我很烦，每次玩电脑都用手机连无线再用USB共享网络[笑哭]，连上了手机都不敢动，动一下说不定就“叮咚”USB断联了。,6,20220119
曹员外_,男,小生不才，硬不起来,9,9,"没有usb的可以试试通过小翼管家获取
http://m.yuanwai.xyz/index.php/archives/15/
上面不能进的话
https://www.coolapk.com/feed/33501113?shareKey=MDgwNzQ2YWNiY2Y1NjIyMGIyM2Y~&shareUid=627334&shareFrom=com.coolapk.market_12.0.6",6,20220303
清水 一樹,保密,,0,6,现在新网关都是sdn网关了，巨难用,6,20220104
lis925,保密,,4,8,我都把送的光猫换成自己买的企业光猫了，想改啥就改啥，密码自己设,4,20220103
周富贵er,男,为人民服务！,0,5,我看不懂，但是我大受震撼,4,20220103
wndWhisper,男,,1,4,我之前也只是想登录，他们不让，然后来问我是不是网络有什么问题，然后莫名其妙让师傅上门来修，我？？？[辣眼睛],5,20220107
低调的来了,保密,,9,4,适合所有电信的光猫么？,4,20220101
辽源Official,保密,努力学习AE PR AU的新人；热爱看补番的萌新！,13,5,[藏狐]加密的密码咋整。还看不出是什么加密方式。base64解密不行,6,20220103
夜行猛禽,男,Price-sensitive consumers,0,3,电信，刚改了，打电话改的，一万号转人工，就说网关改桥接模式，到时会有师傅回电。全程半个小时左右，后台改的，不用上门。,5,20220122
落叶的季节,保密,https://m.10010.com/queen/bilibili/fill.html?product=0,0,3,重庆电信安装人员会直接问你需要光猫路由模式还是桥接模式当然前提是你有一台过得去去的路由器看得不像网络小白这只是一种连接方式而已不要想的那么复杂！,5,20220122
世一中佐伊,保密,屠龙者终为龙,1,3,我们这师傅不好讲话凶巴巴的[笑哭],5,20220115
无人问津黎先生,保密,,2,3,别人家的光猫碰不到咋办,4,20220111
IlyaVolkov,男,,0,3,直接拆开夹测试夹[滑稽],6,20220102
菠萝从小就没做过坏事,男,nep!,1,2,电信远程会改超级密码的，我之前登录搞到后过了一段时间再登录就登不上了，更离谱的是我普通账户都登不上了[咩栗_……],6,20220121
lj249911023,保密,,0,2,视频中用到的代理软件，与拦截软件，打包网盘发下啊,3,20220121
糖瑞瑞宝贝,保密,我喜欢你，,0,2,config没有，这好尴尬啊，,4,20220118
狗头____,保密,快点6级,0,2,漂亮拿到密码了hhhhh[呲牙][打call][打call],5,20220118
小小人23333,保密,,0,2,按你的方法换成..进去，什么也不显示也没有目录,2,20220115
畫丶天書,男,,0,2,我直接一个电话给上门装宽带的小哥，他远程给我改桥接了[doge],6,20220110
AragaKicc,保密,,0,2,重庆的可以私聊我账号给你们查,3,20220109
恋流沙,保密,,1,2,看了之后兴冲冲去试，找了半天没找到USB口[热词系列_破防了],6,20220107
你不说真心话我怎么为你大冒险,保密,,10,16,"2022年1月6号-新方法。
以上的两种方法和网上的都测试过了，都无法行得通。而且经测试我这台网关拷贝后台数据后会自动重启网关。

解决办法:
在默认的192.168.1.1加上:8080即可进入天翼后台，然后输入默认密码即可进入

192.168.1.1:8080",4,20220106
记忆中的残雪,保密,,0,2,这个BUG是不是已经修复了啊 我今天试了跳不回去诶,4,20220221
凌伟GieGie,男,这个学生怎么这样啊,10,6,道理我都懂，可是这样做有啥用么？有例子吗[脸红],5,20220103
長大不得了,保密,大雨中百鬼夜行，有人混在其中，比鬼还高兴,0,1,已成功，三连了,5,20220125
小小啊po,保密,,0,1,用的谷歌代理插件是什么名字？,4,20220122
自恋的未闻,保密,在，我一直在…,0,1,我的猫连U盘都识别不出，型号电信的708e[辣眼睛],5,20220119
扶我起来我腰还行,保密,,0,1,今天到的猫，才装上就给我推这个[囧],4,20220119
AldarisX,男,天依，天依，天依。天依。。天依。。。天依。。。。天依。。。。。天依。。。。。。天依。。。。。。。。,0,1,讲道理。。。他们提交没做权限校验的。。。所以页面上有的自己改改再提交就好了[doge](起码我摸过的三个天翼网关都可以,6,20220118
梗是不裸效,男,游戏，科技，旅游，哪个好玩玩哪个,1,1,你们没开见下面有个快速运维入口吗，点一下普通用户进去也能改桥接,6,20220117
BOYLAD亮,男,。。。。。。,0,1,有点想搞光猫，但不明不白的,5,20220115
SakuraSenawa,保密,,0,1,登录页面下面不是有个快速维修入口吗,4,20220112
Dai0Zi,男,,1,1,直接在百度搜地区+自己的运营商，就有超级的，不用这么麻烦,6,20220111
南霜丶,男,不会摄影的建模师不是好设计。微博：南霜c,3,1,改文件夹方法可以是可以，但是进到第一层就没有文件夹了，就改不了路径，有点离谱，,6,20220104
滿河星,男,星云散落,4,1,天翼F650，无限套娃，失败,5,20220103
专业吃泡面,保密,,1,1,看来下次做相关业务的时候，要防止类似注入呀[doge]，但是电信网关竟然不做简单的MD5加密，真的没想到,5,20220103
Star_Whisper,保密,,4,1,var里没有config怎么办[藏狐],5,20220103
Bamboo丶Gamom,男,神奇的人～,3,1,我记得有个更简单的方法，登陆老界面然后访问一个备份的url就能备份到u盘里了[tv_doge],4,20220103
柒君染,男,别看了，我确实懒死了,3,1,为啥我家光猫屁股后面贴的那个密码也能登进去超级管理页面？,6,20220103
Mxcoc,男,,0,1,早点看到这个视频就好了[doge],5,20220102
思稚呀,保密,唯有热爱方可抵御岁月漫长,1,1,第一第一[脱单doge],5,20211231
逐渐迪化的大菠萝酱,保密,复字三十二号正红旗人,0,1,[doge]我直接换了自己买的单拨猫，找电信要了LOID自己注册一下就能用了,6,20220127
奇怪的绿,男,,0,2,"""我那移动的光猫有usb接口，但是插进去控制面板没有移动设备，不知道咋开这个权限""",4,20220104
泡泡纸也好过泡沫,男,永远绝对得向前，而不是相对地向前,0,1,厉害厉害,6,20220103
l失林鸟l,保密,,0,0,大佬为啥我手机可以进网关后台电脑却不行[大哭][大哭],4,20220125
Bright_moon_home,保密,签名什么的不重要,0,0,有人试过708e嘛，可以吗,4,20220125
起锅烧油狗肉火锅,男,你个糟老头子坏得狠！！,0,0,打客服电话电信10000就说换光猫要逻辑ID,5,20220124
笨小陆,保密,世界以痛吻我 要我报之以歌,0,0,我想问下，我路由器连接光猫后，进不去光猫设置界面了，拔掉路由器就可以进入，俩者的IP我都设置了一个是1.1一个是2.1完全不冲突。连了路由器只能进路由器的,4,20220124
助手百合喵,女,,0,0,获取天翼网关光猫密码-保姆级教程 已收藏 楼主能否把相应工具 打包发下，我们这光猫改动态超密了文件破解已经不管用~,6,20220124
南大1,保密,,0,0,温馨提示，不太熟悉的不要乱改哦，机房会给你家断网的。,2,20220124
蜗牛快传,保密,跳出五行之外 不在三界之中,0,0,网关上还可以插U盘？,5,20220123
吸佳佳,保密,,0,0,光猫如何给内网设备分配固定的IP地址？,5,20220122
n0thinghere,男,此地无银三百两,0,0,华为B610可以帮你们,5,20220121
What后天,保密,不知道是不是真的存在于这个世界里,0,0,烽火,3,20220121
欢欢爱吃草了,男,,0,0,我的密码就是useradmin,4,20220121
远看像帅哥,男,记录即将发生的故事。。。,0,0,学习了，看视频学到了一种后台漏洞测试方法,6,20220120
Simon丶WX,保密,,0,0,收藏获取光猫超级密码,4,20220120
纯欲牛头人战士,保密,"看看我的主页，我加了kms:
l000.top:100",0,0,还有一个最简单的方法：百度,5,20220120
ジョイチオ-ン,保密,,0,0,直接打电话给宽带小哥，他后台就改了,6,20220119
小新dk,保密,,0,0,进去又恢复u盘文件路径了,3,20220119
逍遥爱逍遥,男,因为逍遥，所以逍遥。,0,0,太复杂了[笑哭],5,20220119
平凡的路人Y,男,,4,0,想问问，这样可以改桥接实现ip地址更换延长使用期吗？不然我想拿来网游挂机，可总是因为变换了ip掉线，一天掉一次，很头疼,6,20220119
哇塞你也太那个了吧,保密,,0,0,请问怎样让家里的网络跑满1000m宽带呢？,5,20220119
FlyMao-2,保密,,0,0,妙啊,3,20220119
酱油宣言,保密,,0,0,up主，我获取的超级密码，显示登陆错误这是为什么？用你的方法也进去了没有文件光猫型号1000e,6,20220118
我曾经是个善良的人,保密,,1,0,能设置抖音快手IP吗？不希望家人看这些东西,6,20220118
25137278833_bili,保密,,0,0,光猫型号：H2-3s 找到config文件了，但是密码被加密，有什么绕过吗？,5,20220118
你葱,男,hello大家好，我是葱叔…,2,0,你这是非法入侵计算机罪，可以判刑了,5,20220118
hichina,保密,,0,0,作为一名普通用户，拿到loid后直接换猫[辣眼睛],6,20220118
逍遥风ShiaoYao,保密,会装机的艺术生不是好后期。网易云账号:逍遥风ShiaoYao,0,0,我都是，直接联系运营商，改桥接模式,6,20220118
我想要一个人活的精彩,保密,,0,0,移动的呢？,5,20220118
xman55555,保密,,0,0,[滑稽]666，回老家去试试,5,20220117
才可如今,保密,书生本色就是色!仙女下凡心不凡!,0,0,真好，他说的文件名我这一个没有[辣眼睛],2,20220117
不ai吃鱼de猫,保密,重新来过,0,0,直接给运营商机房打电话，密码就拿来了[doge],5,20220117
我有一座妙妙屋,保密,白马非马，绿萝非罗,1,0,能不能获取学校网关的密码[doge][doge][doge],3,20220117
娃虫合口合,保密,,0,0,wincp直接用ftp协议就行不用这么麻烦,6,20220117
林风o1,男,,0,0,厉害了！,5,20220117
泡泡酱233,保密,欢迎关注！,0,0,桥接是不是说光猫的WiFi不做路由，不能上网。然后路由器账号密码拨号上网？那我好像本来就是欸，而且我公网ip，在路由器设置端口映射就能外网访问，搞这个好像没什么用？不过方法我记住了，收藏夹里吃灰吧。,6,20220116
请不要偷看我的收藏,保密,,0,0,我就不一样了。。。我加了电信友仔的微信，直接问他，哈哈哈哈中哈哈,5,20220116
鬼王酒吞孔子,男,,0,0,直接找电信运维要就给了[脸红],5,20220116
アイスカユキ,男,"主页：https://xn--4br942gtwq61f.icu
投喂：https://afdian.net/@AisukaYuki",1,0,10000号人工，你好帮我宽带改桥接，路由拨号结束,6,20220116
DancerorLoser,男,路漫漫,0,0,我连这个网页都打不开了,4,20220113
鞠晓坤,男,某只可爱的小坤,0,0,直接打电话问维修师傅要呀[脱单doge],5,20220113
你的快乐很重要,男,再难❤️动,0,0,行,5,20220113
半夏雅轩,男,。。。。,0,0,前几天自己瞎改手贱直接给格式化了就不能用了，然后喝水想为啥会坏结果把水杯碰到了，然后花了199换了个新的[笑哭][笑哭],5,20220113
有问号的羊驼,保密,慵懒,0,0,现在电信给的sdn网关里面啥也改不了,6,20220112
二一袖,男,二十岁的人要出秀,0,0,burp 包发一个捏。[脱单doge],5,20220112
提莫城管,保密,？,2,0,超级密码每次重启telecom后面的数字都会变化 有什么办法固定吗[大哭],6,20220112
迷你猪宝宝,保密,,5,0,淘宝买个新的万兆光猫找卖家设置一下就解决问题了[OK],6,20220111
今天没有海鲜,保密,缓缓飘落的枫叶,0,0,又超级密码的，我已经打开过好多的光猫,5,20220111
bili神话火狐,男,人若能给予他人一些些正面的影响与启发，即便微小，也是值得。心的视野建立在身为人类一分子的角度上。这会让人对自己的生命有更深度的体会。,1,0,我的方法，192.168.1.1，网页下面的快速装维入口，点进去输光猫背后的密码就是管理员模式了。请问一下光猫后面接了个水星的网桥之后，连光猫的WIFI下载速度就泡不到11m/s是不是没设置桥接的锅，设置一遍要不要再改网桥的设置啊,5,20220110
Hdadcccccc,保密,？？,0,0,我盒子上的网址进不去  进不了网关页面,6,20220110
小人摆渡灵魂粟,保密,得得得得得得得得得得得得,0,0,他试图教会我们,3,20220110
Solidwindcool,保密,,0,0,写的很好，我选择TTL,5,20220110
jh666g,保密,,0,0,烦死了，直接爆破好了[doge],3,20220110
amigo_future,保密,,0,0,谢谢大佬，我都整半天了,4,20220109
账号已注销,保密,,0,0,移动的好像直接是管理员帐户,0,20220109
Catalogue,男,2022,0,0,上海，20年疫情初期拉了根电信宽带，sdn网关，去营业厅签个字就改桥接了，公网v4、v6地址都有,6,20220109
布局图感觉,保密,,0,0,我进去后台应用里面只有远程下载，nat什么的设置都没有，咋搞@,2,20220109
布局图感觉,保密,,0,0,我进去,2,20220109
Medal就是勋章啦,保密,忘记过去，回到现实，不喜欢就给我滚开，别来我的世界里捣乱。,0,0,移动的光猫能行吗[大哭],5,20220109
国服第一搞事,保密,,2,0,onclick就是点击事件，事件调用了一个方法，方法里会获取data-option这个属性，Json.parse后根据name属性请求后端(通常是http请求吧，websocket也有可能)。找到这个方法，修改一下，粘贴到控制台，或者写进油猴，然后调用就行。,4,20220109
一觉美梦成真,男,不知不知已经五级了,1,0,只有我是改HTML吗[捂脸],5,20220109
救世魔龙,保密,,0,0,我之前改了桥接，2个月后又被后台自己改回去了。其实现在的光猫性能都蛮好的，跑满运营商给你的宽带一点问题没有，不管是延迟还是速率都是达标的。,5,20220108
bo3啦,保密,,1,0,如果超级管理员是被禁用的状态呢，默认用户无法修改配置，怎么才能用超级管理进去？,5,20220108
終究_意難平,男,,0,0,倒腾了半天，发现http://192.168.1.1:8080 输入默认密码直接进去就可以修改上网方式啊,4,20220108
富士山下_人来人往,保密,谁能凭爱意要富士山私有,2,0,有大佬讲一下，这样做了能干嘛？,5,20220107
秋来红叶染白霜,保密,,0,0,能分享一下软件链接吗[哦呼],4,20220107
冷冷的菜哥,男,小萌新,3,0,联通光猫超级管理员密码我自己获取到了,4,20220106
doooooog2019,保密,,0,0,真是人才。这是怎么想到的,2,20220106
kongqikill,保密,"喜欢玩Minecraft，闲余时间翻阅互联网。
本人是学生党没有太多的时间用来更视频，再加上不知道更什么大家喜欢看，所以不怎么更视频。",0,0,那大佬有没有其他爆破方法？没有U盘怎么办？没有电脑又怎么办？能不能在公司里用？,3,20220106
kongqikill,保密,"喜欢玩Minecraft，闲余时间翻阅互联网。
本人是学生党没有太多的时间用来更视频，再加上不知道更什么大家喜欢看，所以不怎么更视频。",0,0,正好我家路由器安装完后我打开手机去测ipv6， 哎，居然支持ipv6，省得改桥接了。[doge][doge],3,20220106
向日葵な,男,这个人很懒，什么也没留下。,10,0,湖北电信不行，以前可以后来更新了，这种办法访问上一级目录直接是空的,5,20220106
别人家的kids,男,,0,0,河南电信是动态的，要了之后几天就又改了,5,20220106
华夏世,保密,咸鱼摸鱼,0,0,感觉好牛逼，改他能用来干嘛[星星眼],4,20220106
晓小柳,男,,0,0,何必这么麻烦，我给根烟给安装师傅就告诉超级密码了。,5,20220106
icirifi,男,,0,0,微信聊天打了网关两字，这里没多久就推荐给我了，呵呵,6,20220106
动以情晓以理威逼利诱,保密,,0,0,懂了，下次修复[OK],5,20220106
枪斗术起手式,保密,,0,0,路由模式挺好的啊，不用拨号了,5,20220105
elfwings,保密,,3,0,我们这边是动态密码，每次看故障处理小哥登录都要用一个机器接收密码，这个怎么破？,5,20220105
Nyatopia,保密,"继续访问将涉及保密内容未经授权的访问将被监控,定位和处理该警告仅此一次-Dr.z█████",1,0,该桥接会影响iptv那边不？,6,20220105
帮拉拉肥戒网瘾,保密,一个人并不孤独，想一个人的时候才是。,0,0,我就是电信的，现在我看到了，马上开会反应[妙啊],6,20220105
奥巴斑马,保密,bualadaladuoaha,0,0,建议下载视频，之前收藏了一个很快视频就失效删除了,5,20220105
米斯特_小陈,保密,xposed,0,0,如果是华为的猫可能需要组播工具补全shell,6,20220105
bdpqbdpqbd,保密,,0,0,干货满满，三连送上,4,20220105
豆腐店小摊摊主,保密,,0,0,全干货不废话[星星眼],5,20220105
sincy,保密,,0,0,从傻瓜vr突进到智子级别，这种速度就看你们怎么用[滑稽],5,20220105
真社惠,男,失去梦想的欧尼酱,2,0,有一次电信线路检修，然后把我光猫的桥接改了，非要我打电话才给我改回来,6,20220105
Frozen_Comet,男,,0,0,找师傅一个微信问过去就给你管理员密码了,6,20220105
訓練艦吹雪,男,老司机带带我,0,0,哪个快速装维入口不是也能进吗,5,20220105
幽灵是大魔王,保密,,0,0,直接找运营商要,3,20220105
saikin,保密,心胸开阔、志存高远！,0,0,"up,Falcon Proxy 浏览器插件分享下吧，百度下载失败，cdsn没有注册下载不了，开发者工具修改为..成功 但点击进去没有进入根目录  还是进入了U盘目录。",4,20220104
1940350360,男,,0,0,百度有软件，啥软件忘了，直接通过网线连接电脑直接破解用背面的密码直接登录最高权限了,5,20220104
猫头军师,保密,,2,0,没有umr这个文件怎么弄,6,20220104
编程分享录,保密,一个喜欢编程的小孩子，一起学习编程吧！我创建了一个技术分享博客https://blog.lukeewin.top，欢迎大家来访问。,1,0,可以用Kali获取很多信息,4,20220104
浅碧轻红河,女,关注公众号T基地，更新个人网站：https://tblog.itii.icu,2,0,不错，应该是学渗透的吧up,5,20220104
傲刀青麟,保密,"这个人懒死了,什么都有乱写(◦˙▽˙◦)",0,0,还是不行，网上的这个视频都这样一开始都行都到最后一步没有文件var文件夹下面没有视频介绍的文件夹,5,20220104
名字为何被修改,保密,,0,0,有用收藏了,6,20220104
刀水磬,男,水鸽鸽我绝不会咕！（鸽语）咕~~~！,0,0,这一款网关点登录页面下面的“快速装维入口”就行了，或者在URL最后加“:80”从80端口登陆而不是默认的8080也可以。这么复杂的方法仅限于针对没有开放80端口的网关才需要。,6,20220104
歪系林兔哥,保密,游戏1群：432647762（已满）| 游戏2群：583310654,0,0,光猫会自动更新固件版本[妙啊],5,20220104
MAENE,保密,到底给不给过审【小电视/嘟嘟嘴】,0,0,我直接问师傅[吃瓜],5,20220104
总是忘记名字,保密,,1,0,找不到登陆的地址,5,20220104
我不吃香菜！,男,看看动画不过分吧？！,0,0,这浏览器插件就离谱，压根找不到下载，找到的页面都下载失效····chrome官方市场里也搜不到这插件？,5,20220104
红龙小姐想要买艘船,男,ECG，你在干什么呀，ECG！FRAC↗TURED↘   SPA↗CE↘ ！！！我大概要溺死在FS里了,0,0,直接导出log然后去翻吧，里面有的[doge],6,20220104
huanyuxiaomo,保密,,0,0,拔光纤，报修，给师傅一包烟，搞定,4,20220103
欧阳大鸽子,男,VRChat ID：欧阳蓦然，欢迎找我玩哦,0,0,还有其他方法吗？山东日照地区已经把这个漏洞封掉了，而且免密码改桥接的页面也删了，factorymode也没法用[笑哭],5,20220103
无奈悠哈,男,,0,0,三连了，到时候试试自家的行不行,5,20220103
你的派蒙,男,天下二次元一条心，二次元不伤二次元的心,0,0,移动ctromfile.cfg里的密码无法登陆怎么回事？,5,20220103
御坂御坂这么说道,保密,,0,0,杭州电信，一千的外网光猫只有一个千兆口根本跑不满，能不能买光模块的猫换上,5,20220103
始春拾贰,男,2020 对自己好点,6,0,中兴F450宣告失败[哭泣],5,20220103
lukezip,保密,,0,0,河南联通目前可以直接在光猫里边改桥接模式。坐标河南商丘。,5,20220103
今天又要恰柠檬,男,你喜欢懂事的妹妹，还是能干的姐姐？！！╭(￣▽￣)╮,0,0,[热词系列_知识增加]我超,6,20220103
慈姑一畔,保密,,0,0,移动h3-8s怎么破[藏狐],4,20220103
APG丶Yg,男,一个月鸽一次，一次鸽一个月。,0,0,普通密码光猫背面就写着，还桥接找装维就行,5,20220103
猫头军师,保密,,0,0,太方便了[OK],6,20220103
just_b-boy,男,,2,0,妙啊，之前我根据网上的方法提取的文件里面都是乱码，有机会这个方法我可以再试试。。死电信一直给我弄的路由模式还不给改，一气之下直接换联通，联通是默认的密码，我自己就给改桥接模式了，还设置了dmz。,4,20220103
唐五丈,男,,0,0,没有usb口的猫怎么破，中兴的吉比特,3,20220103
-k3Ep,保密,既然点进来了还不关注一下？！,5,0,现在已经不行了，第一种方法,5,20220103
我不吃香菜！,男,看看动画不过分吧？！,2,0,"妙啊。。晚上回去试试。
但是我是公网ip，又有点不敢路由器拨号",5,20220103
猫猫赚大钱,保密,,1,0,up主 请问视频中05:03处的代理插件叫什么,5,20220103
落花成妖,保密,,1,0,关键是每次重启，密码就更新了,5,20220103
亿年咸鱼xy,男,Coding and Games,0,0,那不就可以给宽带开ssh了[吃瓜],5,20220103
你好Allen先生,保密,这位朋友懒死了，什么也不想写(〟-_・)ﾝ？,0,0,谁给你装的就找谁要，我装了两条电信的小哥都给我了，,5,20220103
触角,保密,我观，故我在,0,0,我记得我的是加密的，但我的密码可以百度出来[doge],5,20220103
泪爷的海澜之家,保密,,1,0,现在上海这里都是动态密码了,6,20220103
红鲤鱼与绿泡泡,保密,,1,0,还是要找运营商配合的，自己搞光猫如果绑定mac地址就拉稀了,6,20220103
