Seeflsch,保密,：D,41,2320,"给大家解释一下为啥看舌尖第一二季都不要看第三季：
第一二季的导演均为陈晓卿，整个舌尖的灵感都来自陈晓卿，所以陈晓卿才是真的老饕，然而第三季c某tv某领导觉得陈晓卿只是讨巧做舌尖火了，然后想要植入一些乱七八糟的东西，陈就因为反对植入就被踢出第三季的制作，然后舌尖三就彻底烂了hhhhh
然后陈晓卿导演的风味人间在豆瓣就拿到了9.3……hhhhhhhhh就问某领导气不气",5,20200814
没有斧头の河神,男,摸鱼闲聊群560697422（已经社畜，咕）,47,2272,直接看最后一集，这样我就是最先看完的了[妙啊][妙啊][妙啊],5,20200813
-夢見系人失-,保密,Forward! To the mysterious future!,39,1138,第二季啥时候安排[doge]第三季就不用了,5,20200813
尧文兮兮,保密,。。。,9,836,怀念高中班主任晚自习放舌尖上的中国的温馨时刻，黑漆漆的后排传来窸窸窣窣的交换零食声，啊～青春最好时[妙啊],5,20200813
带带大RX,保密,,37,513,可惜后面的续作又很难达到第一季的高度了，唏嘘。,2,20200813
无声千岛酱,男,目标是……成为……欢乐源泉,9,443,"（搬运于舌尖上的中国Armin叔评论）
1. 我在故宫修文物av3924328
2. 国脉·中国国家博物馆av4152415
3. 御膳房av4004813
4. 帝陵 av4619981
5. 中国通史av5670296
6. 北京中轴线av4378167
7. 大明宫av1730716
8. 大运河av4139898
9. 超级工程av6456542
10.航拍中国av8320409
11.舌尖上的中国第一季av3585546， 
第二季av4231881
12.长城av3122019
13.楚国八百年****2037
14.台北故宫av3578648
15.汉字五千年av250263
16.河西走廊av2229874
17.新丝绸之路av1242179
18.史说汉字av2483589
19.海昏侯大墓av3563428
20.复活的军团av522440
21.圆明园av1563053
22.东方帝王谷av2484328
23.望长安av4686831
24.布衣中国av8802176
25.大汉帝国av5332988
26.中华文明av3479721
27.历史的拐点av5957522
28.世界遗产在中国av4734362
29.再说长江av2120529
30.美丽中国av2251606
31.敦煌av5031538
32.敦煌画派****40353
33.与全世界做生意av2837502
34.留住手艺av3193310
35.第三极av8668069 
36.当卢浮宫遇见紫禁城av1458232
37.天河av2933029
38.光阴·西藏的西藏av4471131
39.中国高铁av9701763
40.筑梦路上av5053430
41.故宫100av4114589
42.我们诞生在中国av7346616
43.锦绣纪av6294513
44.古兵器大揭秘av5838576
45.大国重器av1806333
46.寻味顺德av4673559
47.味道云南av3692768
48.客从合出来av1088790
49.南宋av3613036
50.神秘的西夏av4670883",4,20200814
柴犬腿长两米八,保密,,5,292,谢谢，外卖已经在路上了[热词系列_锤],5,20200813
毛熊-拜阳零峰,男,哦，我太难了=（,3,221,"大爷：这个瓜从小看到大，像我孩子一样的。
 
 几个镜头后......
 
*大爷拿起菜刀就是一刀
 
 懂了，这就让我爸妈拿刀砍我[doge][doge][doge]",5,20200901
美国人失掉自信了吗,保密,我爱波兰球，我不是大佬，只是爱潜水，目前已经被长江淹了。精德。,35,238,昨天就发现B站有了，今天是我的十四岁生日，所以我决定在B站与沙雕网友待上一整天。耶！[tv_微笑][tv_微笑][tv_点赞],4,20200814
倾心唯此,女,,3,219,让我瞬间回忆起当年，看的时候眼泪不争气的从嘴边流出来[酸了][酸了],5,20200813
Seeflsch,保密,：D,10,188,真的太棒了，之前老师说我们这一代完全不懂什么是美食我还不以为然，每天吃快餐食品不亦乐乎，但是自从看完了舌尖，自己亲自做菜才发现老师是对的，至少我是被调味料和油炸食品给荼毒了，自从走的地方多了，吃的东西多了才发现快餐食品真的是最难吃的东西，中国任何一个菜系的任一道菜品都比调味料食品好吃百倍，制作过程也复杂百倍，越回看舌尖越觉得童年记忆里祖辈做的那些美食一去不复返了，尤其是最近几年各国美食文化的诡异口味盛行，真的害怕没有人能再欣赏中国菜的魅力了…越看越心凉,5,20200814
沧海桑田真飘渺,男,"齐天诗酒，自有谪仙丰神。
万卷星电，独拥碧霄云深。",1,186,"感慨中国人淳朴的生活观念。在饮食方面也体现了中国人的各种智慧和对世界的看法。

这个系列纪录片通过中华美食的多个侧面，来展示食物给中国人生活带来的仪式、伦理、趣味等方面的文化特质。从片中可以感知到一个有着悠久文化传统的国度，这里的国民对待生活、对待家庭，对待社会抱持着什么样的态度──You are what you eat!

这部纪录片是观众中近期最热门的话题，吃货们是每天“流着口水”收看，而那些极具地方特色的美食，则勾起了许多远离家乡的人的浓浓思乡情，看得眼泪直流。该片制片人陈晓卿表示，“通过吃的故事，展示普通中国人的人生况味，让《舌尖上的中国》有了一层厚重的历史感。”

“告诉世界一个真实的中国！”

《舌尖上的中国》从不同的侧面展示了中华饮食文化的博大精深，而且告诉观众这种文化就在我们中间，是根植于老百姓、根植于民间的，这一点非常难得。他表示，中国烹饪协会计划将《舌尖上的中国》作为参加国际活动的礼品赠送给海外友人，让更多的人能够领略中华饮食文化之美。清华大学新闻与传播学院尹鸿教授认为，《舌尖上的中国》把“吃”还原到了家庭、乡村、社群、邻里关系，还原到了传统，还原到了人最本真的生活状态之中，从而表现中国饮食的文化内涵，这是它取得成功的重要因素。

北京大学艺术学院院长王一川表示，他做过的一份问卷调查显示，美国大学生对中国最感兴趣的首先是美食，其次才是服装、功夫等等。“从美食入手来传播中华文化，《舌尖上的中国》立意非常高远。从美食的味道里品出中国味道，进而呈现中国人的人生百态、日常生活，这是《舌尖上的中国》赢得广泛关注的关键。”他说。

《舌尖上的中国》是纪录频道推出的第一部高端美食类系列纪录片，从2011年3月开始大规模拍摄，是国内第一次使用高清设备拍摄的大型美食类纪录片。共在国内拍摄60个地点方，涵盖了包括港澳台在内的中国各个地域，它全方位展示博大精深的中华美食文化。向观众，尤其是海外观众展示中国的日常饮食流变，千差万别的饮食习惯和独特的味觉审美，以及上升到生存智慧层面的东方生活价值观，让观众从饮食文化的侧面认识和理解传统和变化着的中国。

中国幅员辽阔，任何一个国家都没有这样多潜在的食物原材料，为了得到这份自然的馈赠，人们采集、捡拾、挖掘、捕捞，穿越四季，收获这一份味蕾的美妙之旅！以美味为名，爱上自然与生活",6,20200813
不惜墨,男,"独奏老曲唱罢今，忘却旧符了却心。
悔泪干处青苔湿，无根萍上碧云空。",1,120,"舌尖上的中国（×）
矿山上的b站（√）
[doge][doge][doge]",5,20200813
-天要下雨-,保密,天要下雨我要吃饭(´-ω-`),4,112,高端的食材，往往只需要简单的烹饪…[doge],5,20200813
群岚环唱,女,在生活干燥的表皮下，捕捉片刻的篝火与星光。,2,121,"「这一切，来自他们对上天的敬仰，和对土地的眷恋。有一位作家这样描述中国人淳朴的生命观：无论埋头种地，还是低头吃饭，他们总不会忘记，抬头看一看天。」

看着最后一集的屋顶菜园，看着糯稻和青稞田，看着城市夜晚里往来穿梭的人群和灯红酒绿的店宇，生命总是在不经意间被浓厚的烟火气治愈。",4,20200815
我这么大一个老婆呢,保密,老婆无数，本质lsp,1,104,播屋顶菜园的时候一堆弹幕说什么违建，会塌，漏水，拜托 人家种这么久了既然决定要这么种这些问题难道不会想不会解决吗，轮得到你这里指手画脚，以前看这段的时候没有人这么指指点点，现在有些人这么这么会来事,6,20200822
凌竹墨书,保密,精神上的左派一位。,0,81,在我尚且年幼的时候，常常随着祖母到田野里。她在旁边干活，我就在旁边坐着，看她干活。有时渴了累了就随手摘两个野菜。可以直接生吃。味道中带着草的一股涩味，但是还不错。每天这样无忧无虑的度过。现在由于父母工作调动。我们早已远离了田野。放眼望去，周围都是水泥钢筋所建造的高楼。天空时常是淡灰色的。某种意义上来说。我还真是怀念小时候呢。,5,20200819
Pumpkin_南瓜瓜瓜,女,"xz一生黑，祝xz早日糊穿地心

不定时出福袋
vx:  wxid_yhxw3i4rcenl22",1,97,"真怀念当年一家人窝在空调房，围着电视看舌尖的时候啊
爷青回！！！！[妙啊]",5,20200813
黑椒布丁,女,中奖绝缘体.,0,56,我们老师经常在早读或者是晚自习的时候放，每次都馋的不行，全班贼精神[笑哭],4,20200813
没钱真的好痛苦啊,男,。。。,11,53,七集算下来就没有青海、宁夏、江西、河南、河北，龟龟，五个老倒霉蛋了,5,20200902
Seeflsch,保密,：D,41,2320,"给大家解释一下为啥看舌尖第一二季都不要看第三季：
第一二季的导演均为陈晓卿，整个舌尖的灵感都来自陈晓卿，所以陈晓卿才是真的老饕，然而第三季c某tv某领导觉得陈晓卿只是讨巧做舌尖火了，然后想要植入一些乱七八糟的东西，陈就因为反对植入就被踢出第三季的制作，然后舌尖三就彻底烂了hhhhh
然后陈晓卿导演的风味人间在豆瓣就拿到了9.3……hhhhhhhhh就问某领导气不气",5,20200814
没有斧头の河神,男,摸鱼闲聊群560697422（已经社畜，咕）,47,2272,直接看最后一集，这样我就是最先看完的了[妙啊][妙啊][妙啊],5,20200813
-夢見系人失-,保密,Forward! To the mysterious future!,39,1138,第二季啥时候安排[doge]第三季就不用了,5,20200813
尧文兮兮,保密,。。。,9,836,怀念高中班主任晚自习放舌尖上的中国的温馨时刻，黑漆漆的后排传来窸窸窣窣的交换零食声，啊～青春最好时[妙啊],5,20200813
带带大RX,保密,,37,513,可惜后面的续作又很难达到第一季的高度了，唏嘘。,2,20200813
无声千岛酱,男,目标是……成为……欢乐源泉,9,443,"（搬运于舌尖上的中国Armin叔评论）
1. 我在故宫修文物av3924328
2. 国脉·中国国家博物馆av4152415
3. 御膳房av4004813
4. 帝陵 av4619981
5. 中国通史av5670296
6. 北京中轴线av4378167
7. 大明宫av1730716
8. 大运河av4139898
9. 超级工程av6456542
10.航拍中国av8320409
11.舌尖上的中国第一季av3585546， 
第二季av4231881
12.长城av3122019
13.楚国八百年****2037
14.台北故宫av3578648
15.汉字五千年av250263
16.河西走廊av2229874
17.新丝绸之路av1242179
18.史说汉字av2483589
19.海昏侯大墓av3563428
20.复活的军团av522440
21.圆明园av1563053
22.东方帝王谷av2484328
23.望长安av4686831
24.布衣中国av8802176
25.大汉帝国av5332988
26.中华文明av3479721
27.历史的拐点av5957522
28.世界遗产在中国av4734362
29.再说长江av2120529
30.美丽中国av2251606
31.敦煌av5031538
32.敦煌画派****40353
33.与全世界做生意av2837502
34.留住手艺av3193310
35.第三极av8668069 
36.当卢浮宫遇见紫禁城av1458232
37.天河av2933029
38.光阴·西藏的西藏av4471131
39.中国高铁av9701763
40.筑梦路上av5053430
41.故宫100av4114589
42.我们诞生在中国av7346616
43.锦绣纪av6294513
44.古兵器大揭秘av5838576
45.大国重器av1806333
46.寻味顺德av4673559
47.味道云南av3692768
48.客从合出来av1088790
49.南宋av3613036
50.神秘的西夏av4670883",4,20200814
柴犬腿长两米八,保密,,5,292,谢谢，外卖已经在路上了[热词系列_锤],5,20200813
毛熊-拜阳零峰,男,哦，我太难了=（,3,221,"大爷：这个瓜从小看到大，像我孩子一样的。
 
 几个镜头后......
 
*大爷拿起菜刀就是一刀
 
 懂了，这就让我爸妈拿刀砍我[doge][doge][doge]",5,20200901
美国人失掉自信了吗,保密,我爱波兰球，我不是大佬，只是爱潜水，目前已经被长江淹了。精德。,35,238,昨天就发现B站有了，今天是我的十四岁生日，所以我决定在B站与沙雕网友待上一整天。耶！[tv_微笑][tv_微笑][tv_点赞],4,20200814
倾心唯此,女,,3,219,让我瞬间回忆起当年，看的时候眼泪不争气的从嘴边流出来[酸了][酸了],5,20200813
Seeflsch,保密,：D,10,188,真的太棒了，之前老师说我们这一代完全不懂什么是美食我还不以为然，每天吃快餐食品不亦乐乎，但是自从看完了舌尖，自己亲自做菜才发现老师是对的，至少我是被调味料和油炸食品给荼毒了，自从走的地方多了，吃的东西多了才发现快餐食品真的是最难吃的东西，中国任何一个菜系的任一道菜品都比调味料食品好吃百倍，制作过程也复杂百倍，越回看舌尖越觉得童年记忆里祖辈做的那些美食一去不复返了，尤其是最近几年各国美食文化的诡异口味盛行，真的害怕没有人能再欣赏中国菜的魅力了…越看越心凉,5,20200814
沧海桑田真飘渺,男,"齐天诗酒，自有谪仙丰神。
万卷星电，独拥碧霄云深。",1,186,"感慨中国人淳朴的生活观念。在饮食方面也体现了中国人的各种智慧和对世界的看法。

这个系列纪录片通过中华美食的多个侧面，来展示食物给中国人生活带来的仪式、伦理、趣味等方面的文化特质。从片中可以感知到一个有着悠久文化传统的国度，这里的国民对待生活、对待家庭，对待社会抱持着什么样的态度──You are what you eat!

这部纪录片是观众中近期最热门的话题，吃货们是每天“流着口水”收看，而那些极具地方特色的美食，则勾起了许多远离家乡的人的浓浓思乡情，看得眼泪直流。该片制片人陈晓卿表示，“通过吃的故事，展示普通中国人的人生况味，让《舌尖上的中国》有了一层厚重的历史感。”

“告诉世界一个真实的中国！”

《舌尖上的中国》从不同的侧面展示了中华饮食文化的博大精深，而且告诉观众这种文化就在我们中间，是根植于老百姓、根植于民间的，这一点非常难得。他表示，中国烹饪协会计划将《舌尖上的中国》作为参加国际活动的礼品赠送给海外友人，让更多的人能够领略中华饮食文化之美。清华大学新闻与传播学院尹鸿教授认为，《舌尖上的中国》把“吃”还原到了家庭、乡村、社群、邻里关系，还原到了传统，还原到了人最本真的生活状态之中，从而表现中国饮食的文化内涵，这是它取得成功的重要因素。

北京大学艺术学院院长王一川表示，他做过的一份问卷调查显示，美国大学生对中国最感兴趣的首先是美食，其次才是服装、功夫等等。“从美食入手来传播中华文化，《舌尖上的中国》立意非常高远。从美食的味道里品出中国味道，进而呈现中国人的人生百态、日常生活，这是《舌尖上的中国》赢得广泛关注的关键。”他说。

《舌尖上的中国》是纪录频道推出的第一部高端美食类系列纪录片，从2011年3月开始大规模拍摄，是国内第一次使用高清设备拍摄的大型美食类纪录片。共在国内拍摄60个地点方，涵盖了包括港澳台在内的中国各个地域，它全方位展示博大精深的中华美食文化。向观众，尤其是海外观众展示中国的日常饮食流变，千差万别的饮食习惯和独特的味觉审美，以及上升到生存智慧层面的东方生活价值观，让观众从饮食文化的侧面认识和理解传统和变化着的中国。

中国幅员辽阔，任何一个国家都没有这样多潜在的食物原材料，为了得到这份自然的馈赠，人们采集、捡拾、挖掘、捕捞，穿越四季，收获这一份味蕾的美妙之旅！以美味为名，爱上自然与生活",6,20200813
不惜墨,男,"独奏老曲唱罢今，忘却旧符了却心。
悔泪干处青苔湿，无根萍上碧云空。",1,120,"舌尖上的中国（×）
矿山上的b站（√）
[doge][doge][doge]",5,20200813
-天要下雨-,保密,天要下雨我要吃饭(´-ω-`),4,112,高端的食材，往往只需要简单的烹饪…[doge],5,20200813
群岚环唱,女,在生活干燥的表皮下，捕捉片刻的篝火与星光。,2,121,"「这一切，来自他们对上天的敬仰，和对土地的眷恋。有一位作家这样描述中国人淳朴的生命观：无论埋头种地，还是低头吃饭，他们总不会忘记，抬头看一看天。」

看着最后一集的屋顶菜园，看着糯稻和青稞田，看着城市夜晚里往来穿梭的人群和灯红酒绿的店宇，生命总是在不经意间被浓厚的烟火气治愈。",4,20200815
我这么大一个老婆呢,保密,老婆无数，本质lsp,1,104,播屋顶菜园的时候一堆弹幕说什么违建，会塌，漏水，拜托 人家种这么久了既然决定要这么种这些问题难道不会想不会解决吗，轮得到你这里指手画脚，以前看这段的时候没有人这么指指点点，现在有些人这么这么会来事,6,20200822
凌竹墨书,保密,精神上的左派一位。,0,81,在我尚且年幼的时候，常常随着祖母到田野里。她在旁边干活，我就在旁边坐着，看她干活。有时渴了累了就随手摘两个野菜。可以直接生吃。味道中带着草的一股涩味，但是还不错。每天这样无忧无虑的度过。现在由于父母工作调动。我们早已远离了田野。放眼望去，周围都是水泥钢筋所建造的高楼。天空时常是淡灰色的。某种意义上来说。我还真是怀念小时候呢。,5,20200819
Pumpkin_南瓜瓜瓜,女,"xz一生黑，祝xz早日糊穿地心

不定时出福袋
vx:  wxid_yhxw3i4rcenl22",1,97,"真怀念当年一家人窝在空调房，围着电视看舌尖的时候啊
爷青回！！！！[妙啊]",5,20200813
黑椒布丁,女,中奖绝缘体.,0,56,我们老师经常在早读或者是晚自习的时候放，每次都馋的不行，全班贼精神[笑哭],4,20200813
没钱真的好痛苦啊,男,。。。,11,53,七集算下来就没有青海、宁夏、江西、河南、河北，龟龟，五个老倒霉蛋了,5,20200902
布白妮_,女,私信会弧 找我聊天扩列快加我QQ！！！1149931947  来玩来玩 扩我就会收获一只擅长脑内作画的咕咕,1,33,"作为靖江人 当初在电视上看到这集真的超级动[打call]
顺便一提 我们本地人是不用吸管喝汤的
除了汤包 靖江还有肉脯哦～（双鱼从小吃到大）还有粯子粥（旱子粥）
附赠汤包口诀一则：
轻轻提 慢慢移
先开窗 后吸汤
欢迎来靖江品尝美食哦",5,20200920
雨晴红满枝,女,互道了晚安后，你开始睡觉我开始想你,0,32,越是弥足珍贵的美味，外表看上去，往往越是平常无奇，辛苦劳作给全身心带来的幸福，从来也是如此。,3,20200813
夢のキセキ,保密,,0,27,小太的一生：出身—搬家—蜕壳—捆绑—发红—肢解—填埋—上电视[doge],6,20210114
fli-ppy,保密,"这个人懒死了,除了作业啥都没写╮(￣⊿￣)╭╮
",1,31,"课代表来了
1:0ͤ̀҉̷̸͍̺̟̳͔̞̙̳̳͕͖̬̮̳͂̿͆ͯ̋̒̇ͨ́͋̄̃͌̉̈ͮ̿͟͠ ̷͇͚̝̘̞̯̦̾ͬ̋̌̂͑ͤ̓ͭ̀͒̌̑̒̎͊͆ͬͬ҉̶̴̩̥͎͖̻̜̰̪̙̝̺͕͓̹̱͚̪ͦͣ͐́͆̀̀ͪ̍ͫ͂̇ͬ̑̉̓̍̋ͦ͗̌̌̊͊̚͞.̢͔̮̖̠͇̝̳̪̩̩̥͎͔̞̳̣̻͓̐̊̔́̀͛̎̑͌̓͑̿́̏ͭͫ̀͋͋̐̍ͦͦ̀̕̚ͅͅ0ͤ̀҉̷̸̨͍̺̟̳͔̞̙̳̳͕͖̬̮̳̥͖͕͂̿͆ͯ̋̒̇ͨ́͋̄̃͌̉̈ͮ̿͟͠ ̷͇͚̝̘̞̯̦̾ͬ̋̌̂͑ͤ̓ͭ̀͒̌̑̒̎͊͆ͬͬ҉̶̴̩̥͎͖̻̜̰̪̙̝̺͕͓̹̱͚̪̱ͦͣ͐́͆̀̀ͪ̍ͫ͂̇ͬ̑̉̓̍̋ͦ͗̌̌̊͊̊́̚͞.̢͔̮̖̠͇̝̳̪̩̩̥͎͔̞̳̣̻͓̜͍͍̐̊̔́̀͛̎̑͌̓͑̿́̏ͭͫ̀͋͋̐̍ͦͦ̀̄̕̚ͅͅ ̷̦̖̘̤̇ͣ̿͗͆̓.̵̥͈̝͚̘̣̘͍̘͎̟̳̺̗̬̰̤̪̮̞̝̯̣̖̂̿ͫͣ̊̔ͯ́̋̍͞͠҉̴̧̲̗̭̼̩͊ͤ͋͐́̋͡ ̡̛̫͈̺̗̗̭̮͎̗̫̫͉͉͇͚͎͓̦̃͛̔͒̒ͥ̇͂̽̌̈̎̀͆͑͆ͨͬ̽͌̍̚͘͘͡ͅ
̝̦̬̤͖̗͕͎́ͬ̂̕͠ ̛̛̾̒̊̈̈̇ͭ̾҉̱̹͙ ̪̖̠̱͎ͧͬͤͯ̄ͣͨ̚̚͘͠ ͮ ̶̶̸͓̤̩͉̻̩̘͕̠͍̳̳͔̣̬̰̤̺̹͉̞͚̖̲͈̻̪̜̹͇̭̥̼̹ͥͪ̽ͣͪ̒́̀ͤͬ̃̄̆̈́ͭͣ̇̓̊ͦ̍ͭ͂̽͑ͫ́̽͒̇̾͊ͮͪ̑͑̄͘͢͟͡ͅͅ.̢̬̜͇̳̣̮̩̗͈̝̪̭̲̓̆̄̒̈̊ͧ̈́̋ͥͬ̏͑ͨ͗̿ͨ̃ͧ͒͑̈̚̚҉͖̭̦̲̣͎̗̳̾̓̉̂͑͛ͧ̾̕͞ͅ ͆̆̏̋̄ͤ͏̧̨̧̡̛̳͙͙͚̮̥̙̖̞͈̜͖̱̻̪̗̱̠̼͈̠͔̯̺̳̥͔̱̟̱̥̣͎̫̰̣͕͆̀̈̓̃͋̐̓ͥ̀̐̐̽̑ͦ͑͗͑̄ͥ͒̀̚͟͜͜͡͞͞ͅͅ.̷͎̱̫̗̗̹̥̟̬̲̲͉͇͉̦̼̞͆̾͑̓͛̀̒͆͆͑ͯ͋ͭͬͤ̏ͬͮͤ͘͠͏̸͏̵̬̰̹̬̘͍͖̤̮̮̣͇̥͉̹̝̰͕̼̫̣͔͙̫̋ͬ̇̅ͤ̀̚ͅ҉̷̸̨͍̺̟̳͔̞̙̳̳͕͖̬̮̳̥͖͕͂̿͆ͯ̋̒̇ͨ́͋̄̃͌̉̈ͮ̿͟͠ ̷͇͚̝̘̞̯̦̾ͬ̋̌̂͑ͤ̓ͭ̀͒̌̑̒̎͊͆ͬͬ҉̶̴̩̥͎͖̻̜̰̪̙̝̺͕͓̹̱͚̪̱ͦͣ͐́͆̀̀ͪ̍ͫ͂̇ͬ̑̉̓̍̋ͦ͗̌̌̊͊̊́̚͞.̢͔̮̖̠͇̝̳̪̩̩̥͎͔̞̳̣̻͓̐̊̔́̀͛̎̑͌̓͑̿́̏ͭͫ̀͋͋̐̍ͦͦ̀̄̕̚ͅͅ

第一次当课代表，有点紧张，可能有一点乱",4,20200819
咔锵锵,保密,,1,26,14:08 大董厨师是这道菜最重要的辅料，好家伙，这葱烧海参真费厨子[笑哭],6,20200907
Kyoko笑笑,保密,夜阑卧听风吹雨，铁马冰河入梦来,0,26,初中看的，现在都大学了，，，真的没想到这竟是12年的，时间好快。因为舌尖系列喜欢阿鲲老师，第三季不太好看，后来就追风味人间了。,5,20200813
君の名は圆桌,男,一个幽灵,2,19,第七集24分47秒开始有一分钟是介绍的我的家乡美食——靖江蟹黄汤包[呲牙][呲牙][呲牙],6,20200823
中奖的都是改名的,男,这个人非常勤快，但是依然什么也没有留下！,0,17,什么?居然是刚买的，怪不得没弹幕,6,20200813
一只飞拖鞋,男,一步一个脚印,0,13,第二季啥时候安排，那才是舌尖的巅峰作品[打call][打call][打call][打call],5,20200816
暴走的胸大肌,男,心心念念慕玉体，但求鱼水解相思。,0,13,老子直接跑到最后一集都抢不过热评！想说点啥全特么给馋忘了！！我去！！[笑哭],6,20200813
白嫖君吖,保密,这个人很神秘，什么都没有写,0,12,想象中的农耕生活是像视频了的美好的，然而现实中的农耕生活只有干不完的农活，天天在土地里佝偻干活，一年四季没几天能闲的[思考],5,20210813
带_鹅_人_,女,"渊子/鹅/えん
不是带恶人也不讹人，只是一只爱唱歌的鹅
另一个身份是蟹蟹",1,12,这集印象最深的是禾花鱼，那时候特别想去稻田里抓鱼来着，然而我是北方人[笑哭]还有，有几个镜头抓到的鱼是红色/金色的，就很想养起来[笑哭][笑哭][笑哭],6,20200828
锦绣星空,保密,,1,14,话说第七集5：30的时候字幕是“秈”稻，怎么到5：37就成“釉”稻了？,4,20200813
爱仓君,保密,出门记得带脑子,0,11,"《小太的一生》
1.融入湖底
2.第一次蜕壳
3.第二次蜕壳
4.第三次蜕壳
……
20.第十九次蜕壳
21.清蒸小太[藏狐]",5,20210914
我今天超困啊,保密,前排晦气虾，bjyx，zly。,2,11,"舌尖上的中国（❌）
舌尖上的猫猫（√）
[doge][doge][doge][doge][doge]",6,20200817
3326547791114411,保密,,0,13,下饭，我已经吃掉一万顿米啦！哦，对了，认识我的人都叫我粮仓[doge],4,20200816
挖矿工艺L,女,"录制游戏视频分享生活
b站独家发布
whylxe1105@qq.com
mc中国版 挖矿工艺L1,挖矿工艺L(已废弃
群726081129",1,10,又变限免了 以后就要会员了[辣眼睛],4,20220205
Tomia丶苹果,保密,,0,7,舌尖上的中国， 脚尖上的巴西， 车轮上的德国， 酒杯里的法国，手心上的美国，硬盘里的日本。,5,20200906
燎远没闪,男,失败乃常态,0,7,没有第8集可惜[热词系列_完结撒花],4,20200813
来条烤鱼鱼,女,烤条鱼吃？,0,9,来了来了！为了舌尖还把它的书买了[喜欢],4,20200813
Ghost-Emperor,男,天问,3,6,"舌尖前两季刷了五六遍，然后就去看寻味顺德了[doge][doge][doge]
懂得都懂[脱单doge]",4,20210602
花外莺嘤-,女,专注自然、人文视频输出,2,6,高端的食材，往往不需要烹饪[微笑],6,20200901
安慕希啦,保密,高考，有点害怕啊。,0,6,完结撒花[洛天依_耶][言和7th_一键三连][洛天依_goodjob][hanser_冲鸭][洛天依_吃瓜][hanser_暗中观察][蛆音娘_吃瓜群众][洛天依_吃包群众][崩坏3_吃瓜][洛天依_打尻][战双帕弥什_肥宅][洛天依_前排],5,20200827
尼古拉斯-馗,保密,愿你有一天能与你重要之人重逢,1,6,好家伙，江西就没出现过[doge],5,20200823
Elk_涟木青舟,女,高举玄丽大旗(｡>∀<｡),1,6,为啥又要会员？,5,20220214
IsaacmaEX,男,,0,6,怎么要会员了[辣眼睛],5,20220202
经常熬夜_,男,终见皓月当空,0,5,现在大学了，小学时每次看到一些画面都会不自觉的颤动，如今心中的那种感触已越来越淡，这好像是失去了某种东西，那样的感觉恐怕再也不会有了，这部片子是我成长的见证者，往后物是人非的日子，或许能在镜头中看到那曾经的自己，舌尖为每一个人保留了一段时光，一段永恒的时光。,5,20210701
凨紫岚苍,保密,看我多勤快，签名都写了,0,5,B站：你先再次地不要走动，我去买几个经典回来[doge],4,20200814
一条老苟,男,一条非常无聊且非常苟的懒苟,1,5,日常鞭尸牛展[支持],5,20200814
水异人,女,滴胶 热缩 扎染 禅绕 工笔 写意 仿绒花 在N多坑里挣扎的耽美狼一只,1,5,求求你了第三季不要买了，留住美好吧,6,20200813
桃饱网网主,男,,0,5,我要努力学习，争取给大家整一个全桃宴[doge],6,20200813
originKM,男,,0,5,热评就在眼前 口水却不给我说话的机会[热词系列_知识增加],5,20200813
54123文,保密,,0,5,娘的，要会员了,5,20220204
司鸠,保密,"看看您是要找什么成分？
我是一名精苏（不精苏修），女性平权主义者，爱猫爱狗人士，同人女（腐女），摆烂艺术家，国家级退堂鼓演奏家（不够补充）",3,4,"胃口不好的时候看舌尖 再不济总是能干下一碗饭。
怪得很呐。",4,20210903
准研究生在此,女,,0,4,国庆期间一下追完了第一季，说实话，满满的感动，我居然2020年才看完，以前只是有过耳闻，太好看了，每一帧画面都是对中国人的劳动和智慧最形象的描绘，中国人自古以来天人合一，道法自然的观念在舌尖上体现的淋漓尽致，再没有比中国人更富有魅力的民族了，泪目，祝愿我们的祖国越来越繁荣，各民族都能过上幸福生活，天佑中华。,5,20201004
晓沐0_0,男,如有真爱，其色为蓝。,5,4,最后一集北京菜园的那段弹幕好戾气啊,5,20200825
瑶雪鹏,保密,,0,4,高端的食材，往往只需要最朴素的烹饪方式[doge][doge][doge],5,20200814
大魔王的青葱岁月,女,,0,4,已经吃完外卖和零食的朋友，请来这里集合[拥抱],5,20200813
LYL遊,男,"古之立大事者，不惟有超世之才，亦必有坚忍不拔之志。

",0,4,《舌尖I》那细腻的画质，优美而朴素的解说， 给我们展现了中华饮食文化的精致和源远流长。一叶一菩提， 一花一世界，每一种美食的背后都有一个深入人心的故事， 都承载着一份传承千年的文明。[呲牙],5,20200813
不及刃下心,保密,????,0,4,我为什么要在大半夜看这个？[无语],4,20200813
七康康呗,保密,,0,4,"唯一一部可以下饭看不腻的,我不知道已经看了多少遍了,一吃饭脑海就响起了bgm.",5,20200813
暂时不想起名字怎么办,保密,人人一把口一百种真相，谁说的漂亮,0,4,完结撒花🎉,5,20200813
墨闫初寻,女,你在看什么,0,5,在吃了在吃了（我看了等于我吃了[妙啊],5,20200813
启林的精神世界,保密,,0,3,大爷这笑容温暖如春风羡慕了,3,20210813
一只好吃喵,保密,,0,3,来啦,6,20210203
代浠,女,莫得个性,1,3,獐子岛扇贝跑了是什么梗[doge],4,20201217
戴和Deho,男,别,0,3,是清过了吗,5,20201118
不会说谎的猫,男,干杯~,0,3,弹幕大部分都被清理了，太可惜了！！！,6,20201106
剑气冲霄,男,剑凌刃流光，气劲破寒霜。冲天作龙吟，霄汉亦惊惶。,0,3,[doge]下午考普通话，来学做菜了,5,20201008
我不是张召忠,男,嗨呀好气啊~,1,3,阿B，什么时候把《寻味东莞》买过来[热词系列_三连],5,20200829
少年Juni,女,,0,3,第二季见啦,5,20200818
风见一穹,保密,,0,3,bilibili无限公司√,4,20200814
借玖消愁,保密,21号回学校之后，只有周末在线,0,3,我手机屏幕全湿完了[doge],5,20200813
北宅猫,保密,愿你被整个世界善待，愿你心有华阳路无碍，愿你珍惜你一切所爱。,1,3,我感动的都从嘴角流下泪水了[doge],6,20200813
橙子.君,男,哈啾～,0,3,不说了，我外卖到了，陪这个下饭，热乎[doge],5,20200813
闻味儿找肉吃,男,贪吃好色喜欢刺激,1,3,挂面爷爷是第二季的吗？还有一个双胞胎兄弟切墩 爷爷在旁边弹琴的片段 也是第二季的吗？,5,20200813
源远流长的中华文化,保密,,0,3,从餐桌回归大地。以餐桌上的美食为出发点，继而将视线投向生产出各种美食原材的广袤田野，探究美食的来源，它们是如何被人类以各种方式培育出来，并突出体现生态环保的农业生产方式，正是这样的方式才能为美食提供至关重要的品质保证——优良和清洁。[爱心],5,20200813
盛夏梅子汤0415,保密,,0,2,“无论是埋头种田，还是低头吃饭，他们总不会忘记抬头看一看天。”多谢款待-------2022.01.24,4,20220124
月下烤鱼,保密,走~找风景！,1,2,我也是看了舌尖第一季才开始把自己的楼顶改成菜园，不过因为是在广东而且是楼顶种的最多的还是瓜果（西瓜、节瓜、迷你小冬瓜、小南瓜、青瓜黄瓜、水瓜、丝瓜、苦瓜、各种番茄）还种了棵杨桃和冬枣,6,20211205
仙女曾曾,女,,4,2,呜呜呜有没有谁知道出现“麦客”这个名词片段在哪一季哪一集呀？？？是写作的一点灵感来源，但是很久以前看的找不到在哪里了[大哭][大哭][大哭],3,20211127
咸鱼丶酒窝,保密,,0,2,看完了这个纪录片，我的感受是中国的历史是人民的历史，中国的历史辉煌离不开人民的伟大创造和劳动，现在未来也必然离不开人民。,5,20211008
啊圣啊,保密,,0,2,有听舌尖上的中国睡觉的吗,4,20210902
-永乐--,男,富,0,2,扇贝跑了是我们獐子岛的梗，在热搜上看到两次我也是不想说啥了233333,6,20210222
辣椒炒千张,男,吾心安处即吾乡,1,2,我记得以前看的图片，上面写是四几年来着，上海的贫困家庭只能以大闸蟹为食，图片上面桌子上一堆大闸蟹，那时候野生的也太多了叭,6,20200828
青衫踏湖,男,梨花依旧开，良人未曾归。,0,2,这配音听着真舒服，央视御用就是不一样。,5,20200814
木兔的宝贝,女,李泽言夫人  评论区常驻  睡醒又是美好的一天,0,2,吼吼,5,20200813
飒某人2号,保密,,0,2,来了来了[doge],5,20200813
一个努力中肥宅,男,,0,2,童年的回忆,6,20200813
可可点点皮卡丘,男,"所有的星星终将熄灭，
可它们无畏地燃烧着。 
",0,2,从第七集开始看，哈哈[偷笑][OK],2,20200813
雨晴红满枝,女,互道了晚安后，你开始睡觉我开始想你,0,2,前排！！！,3,20200813
白给大师熊猫人,保密,我终于五级辣,0,2,一口气看完[doge],5,20200813
Mioo秋山澪,男,一枝一叶总关情,0,3,"才出不久，赶紧提前搬个小板凳[OK]
这样，我就能上前排好[点赞][点赞]",5,20200814
晃晃荡荡晓学生,保密,是个dd,0,1,好几集看着看着就鼻子酸了，眼泪忍不住了，不是伤心，是真实,5,20220105
6666范布隆克,保密,,0,1,Meiko,4,20211006
컵보이스,保密,,0,1,考古，耶,4,20210813
炮太太帅炸了,保密,,0,1,第一季永远滴神,6,20210810
踏阵长歌啊,男,只有打赢的人才有资格吃线,0,1,越看越饿。我先去炒点菜再来接着看[OK],4,20210711
小猪c丶,保密,,1,1,这部剧的艺术成分很高呀,4,20210609
来一杯蜜瓜苏打水,女,,0,1,芋头那个！根茎在我们这也是可以吃的 我妈会用根茎做腌菜 腌好了炒鸡杂鸭杂贼好吃！,4,20210518
天界蛇神竹叶青,保密,,0,1,今晚就去吃葱烧海参,4,20210316
我是一团臃肿的平庸,女,,0,1,[辣眼睛]摄像大哥太牛了,4,20210220
翠脆小鱼干,男,灯火通明的大马真美,0,1,再发三个评论就是666,5,20210203
翠脆小鱼干,男,灯火通明的大马真美,0,1,喵喵喵,5,20210203
翠脆小鱼干,男,灯火通明的大马真美,0,1,马上就是六六六,5,20210203
小哔哩谁抢先的站粗来,保密,,0,1,咽了一季的口水，我太难了[滑稽-圣诞],5,20201229
子橘,保密,http://www.galmoe.com/,0,1,弹幕被删了，类目[热词系列_泪目],5,20201031
汤圆滚滚嘿,保密,,1,1,我记得初中那会的人生愿望是走遍中国吃遍中国，结果现在……,5,20201024
wave1972,保密,,0,1,仔细看完了，觉得还是太笼统了。要下点功夫，可以拍得更棒。,4,20201018
剑气冲霄,男,剑凌刃流光，气劲破寒霜。冲天作龙吟，霄汉亦惊惶。,0,1,[doge]下午考普通话，来学做菜了,5,20201008
_何以窥不破,保密,,0,1,姥姥家四楼是个隔热层，堆得杂物还有洗衣机啥的，南北分别有两个小阳台，面积不大但是被姥姥弄出来两个小菜园，葱葱郁郁的特别喜人，前几年还搭了一口地锅，我一回去外公就用地锅给我炖羊肉汤炖鸡鸭鱼，味道太赞了[胜利],6,20200922
菟兔tu,保密,夜是静寂的，黑暗在树林上昏睡。我们的凉台上灯火辉煌，繁花鲜美，满夜星空。,1,1,我准备写这个来应付一下我的暑假作业。,4,20200831
真正的女主角--星降注,男,哔哩哔哩干杯！,0,1,老北京人就好整这么一出，真地道,6,20200826
安得广厦一间,男,"仇恨的风在头上咆哮怒吼，
黑暗势力向我们下毒手，
快团结紧和敌人决一死战，
也不必问有什么在前头。
勇敢地起来，骄傲地起来，
要为了工人的事",0,1,居然是一二年开播的，时间过得真快啊,5,20200824
wu青jia,保密,,0,1,全篇体现的就是一个生机勃勃啊,5,20200824
剑圣喵大师123,保密,,0,1,我明明不怎么能吃辣，怎么老惦记着四川的辣味[捂眼][捂眼],5,20200824
曲奇也是饼干,女,好事总会发生在下个转弯,0,1,#舌尖上的中国 第一季#今天终于看完了，完结撒花[惊喜]，多谢款待[鼓掌]，期待第二季[妙啊]，小破站您真棒[点赞],4,20200823
69089540803_bili,保密,,0,1,第二季见[Cat_hibye],4,20200822
这个名字6个币eom,保密,,0,1,海胆生吃大补！我旅游时导游给我整了两个！我特么走路都流鼻血！说实话，一口闷，还挺甜,5,20200822
用萝北chuo你,男,,4,1,"看完舌尖，最大的感触就是:没我大河北啥事儿[大哭]
别人看见河北弹幕都是一个反应:河北是啥？好吃吗[滑稽]",5,20200822
Nwd森林,保密,,0,1,这就是生活,5,20200821
毁灭凤凰人,保密,cenmsl,0,1,弹幕带节奏真的有一手，好好看不行吗？还什么什么带东西[吐],5,20200821
何处呵呵,保密,,0,1,无法直视獐子岛[doge],5,20200821
平顶shanの悪夢,男,おやじ,0,1,看完了,4,20200820
白玉狸是扛把子,保密,,0,1,小破站冲呀，第二季拿下[打call],5,20200820
洄玙,男,,0,1,看了这么长时间没河南[辣眼睛],4,20200819
何处呵呵,保密,,0,1,还是第一季好看。第三季最差。,5,20200818
编号3154,保密,,0,1,小破站赶紧把舌尖第二季上了吧，央视的原版虽然也没广告，但是没有弹幕，缺了好多味道,5,20200818
sayakawaiiya,保密,# include <stdio.h>,0,1,第二季,6,20200816
岐岐不吃芹菜,保密,缓慢而坚定地生活，莫失，莫负，莫忘。,1,1,有谁知道最后一集里屋顶菜园木架上的藤结的红红的瓜叫什么吗？,4,20200816
楚云飞副手,男,凡是过往，皆为序章。,0,1,当时看的时候还是有人和我一起看的。,6,20200816
枫丹人,保密,写签名，不可能的~,0,1,"高端的[doge]，往往采用最朴素的烹饪方法
[热词系列_完结撒花]",5,20200816
LM黎鸣,女,平淡无奇up主，随机更新视频,0,1,求第二季，但是不要第三季,6,20200816
我最爱糖炒栗子,保密,,0,1,这字幕咋回事啊[灵魂出窍],5,20200815
那就祝你万事胜意,女,未来可期,2,1,第二季和电影安排上啊啊啊啊啊啊啊啊啊啊,5,20200815
已通知学生返校复课,保密,我什么都没有，我只剩下一张嘴和一颗心了。,0,1,《98亿》[tv_doge],4,20200815
韵儿赤糖堆儿,保密,,0,1,萌新路过暖贴[害羞],4,20200814
同款白衣我有一百套,女,运动番重度爱好者,0,1,高端的美食往往只需要最朴素的烹饪方式[doge][doge],5,20200814
我要你的糖果,女,,0,1,你们陪我一起看吖[拥抱],5,20200814
玖月丘,保密,,0,1,好了，现在是午夜一点我先看这集了，饿了[热词系列_害怕][热词系列_保护],5,20200814
牛奶加滑稽,男,UID:526038272,0,1,[热词系列_真香],4,20200813
光兆冻,男,高中生,0,1,各位要是觉得没看够，我推荐还可以看看《风味人间》,5,20200813
-星星之火可以燎原-,保密,,0,1,"这次真的爷青回哈哈哈哈
从小在CCTV9的温暖陪伴下快乐成长哈哈哈哈",5,20200813
阿伟-Lm丷,男,一直在路上。不曾停歇か,0,1,直接最后。最喜欢北京小院子[doge],5,20200813
眉眼若初,保密,,0,1,高端的食材往往只需要最简单的烹饪方式[doge][doge],4,20200813
多喝热水吧你离谱版,保密,追星使我快乐！！！,0,1,第三季没有了灵魂音乐🎶,4,20200813
名字越长越有人跟着念,男,,0,1,你只要不要大会员就是我朋友[呲牙],6,20200813
鸟的喙,保密,,0,1,我的青春结束了（真的）[热词系列_泪目],4,20200813
北大没考上,保密,我是B站一分子。,0,1,这都0202了，2012年的片子也该完结了[doge],5,20200813
阴阳空格,保密,。,0,1,我们的田所原野,4,20200813
只会嘤嘤嘤的星尘,男,,0,1,不愧是国家级制作[妙啊][妙啊][妙啊],5,20200813
果然还是猫猫软,保密,,0,1,这啥番啊，咋一会就完结了呢[doge],4,20200813
菜菜姐杀疯了,保密,懒,0,1,明明热评触手可及，我却想不出骚话[笑哭],6,20200813
起来地球上的受难者,女,高中拼搏一下吧,0,1,小时候觉得这个楼上菜园在好了,4,20200813
蒜蓉炒面Re,男,谢谢你cheems,0,1,"使得米香肉香混合起来（回音）
叔叔，您看我这胖样，喝粥我可吃不饱啊[doge]",6,20200813
密汁芝,保密,人间理想  花少北、,0,1,我不知道怎么说了！真的！就每一次看都会有一种岁月静好的感觉，乡土风气真的很棒！而且，哈哈哈嗝，当然饭也贼香[doge][支持][支持][支持],4,20200813
人间菜菜,保密, ,0,1,"哔站启动！
舌尖播放！
外卖付款！",5,20200813
怪诞小镇长,保密,,0,1,最后一集没什么弹幕[大哭][大哭][大哭],5,20200813
藤月MORIS,女,"Do the right things, do the things right.",0,1,还是第一季好看，想想第三季那年首播是在春节原本超期待的，结果什么烂糟玩意啊，为了表达我诺大期待落空产生的愤怒专门下载了微博写了大篇幅diss文对线第三季编剧导演等若干人…那年真是闲啊,6,20200813
室宿二,保密,若能日日试图领悟其中万一，此生足矣。,0,1,晚上再来看[doge],4,20200813
45914093130_bili,保密,,0,1,吃完饭又饿了,5,20200813
藤月MORIS,女,"Do the right things, do the things right.",0,1,我我我来啦！,6,20200813
账号已注销,保密,,0,1,刚买的？[滑稽][doge][支持],0,20200813
省了三连我很抱歉,女,新时代的美人胚子！！,0,1,爷青回爷青回!!,5,20200813
长月初二哈,女,,0,1,嘴角留下了感动的眼泪,5,20200813
唐生TS,保密,912 929 919,1,1,"第二季也请买一下
第三季就，，，随便吧（还是算了）",5,20200813
Ye_Tsing,女,,0,1,爷青回[doge],5,20200813
那年的快乐,保密,"。。。
",0,1,饿了,6,20200813
基亚夫,男,嘿，你的燚龘,0,1,已看完[doge],5,20200813
寒江锁鱼,男,欲买桂花同载酒，终不似，少年游,0,1,那个垛田明明是讲芋头，但我记住是因为那锅螃蟹，赶脚好好吃的样子[捂眼][捂眼],6,20200813
蕾米莉亚l,保密,红雾异变,0,1,[捂眼][捂眼][捂眼][捂眼]好长,5,20200813
稻荷崎第一金瓜,女,,0,1,一听到片头曲就饿了[捂眼],5,20200813
Rec_,保密,,0,1,下饭神器[doge],5,20200813
亚瑟-柯克兰炸厨房,保密,很平和一人，偶尔会核平，成分究极复杂，我都搞不清自己(毕竟追番都能追将近两百个，破站都被我整不会推东西了),0,1,刚好吃下午茶的时候赶上了哈哈哈哈哈哈光听个开头曲我都有胃口[笑哭][doge],5,20200813
冷海豚,男,你们只是我生命中的匆匆过客,0,1,高端的食材，往往……[滑稽][滑稽][滑稽],5,20200813
无聊的一白,保密,,0,1,又刷完了[大笑],3,20220404
尘埃飘凌,男,Star Burst Stream！！！！！！！！！,0,1,《高端的石材往往只需要大量的调味料》       记录生活的蛋黄派名言[doge],2,20220327
沈木白小可爱,保密,,0,1,我有预感，说不定10年后还有很多人看这个,5,20220321
无聊的一白,保密,,0,1,凌晨追完了[傲娇][大笑],3,20220319
baby李奥奥,保密,这家伙很懒，什么都没留下。,0,1,"想不到第一季全季追完竟然是十年后，2022年了……马克下，纪念之。
                                           by 2022春。",3,20220310
一条老苟,男,一条非常无聊且非常苟的懒苟,0,2,日常鞭尸牛展,5,20200814
锄禾与后羿,保密,笑一笑，十年少不知愁滋味,0,2,干得漂亮！！我吃馒头的时候再也不用点菜了,5,20200813
早柚子,保密,米游社账号：Accipiter,0,2,在？第二季能安排上吗[热词系列_吹爆],6,20200813
阿友友哟,保密,,1,2,弹幕能不能别出来啥你就说超好吃  天下第一  那是你感觉  说不定我会感觉超级难吃  你这样发弹幕我会感到很厌烦,4,20200830
我与作业喜结连理,女,闲。,0,1,弹幕里的垃圾人太恶臭了,6,20200818
-月-辰-,女,不回复你不是怕你，而是不想理你,0,1,眼泪不争气的从嘴角流了下来[doge],5,20200813
爱紫麟真是太好了,女,吃了吗？没吃的话，吃我一拳！,0,1,最经典的一季,6,20200813
月圆笙箫起,男,纵然万劫不复，纵然相思入骨，我也待你眉眼如初，岁月如故,0,1,我又有机会云吃完全国美食了[doge],6,20200813
牛角道,保密,,0,1,开创性的第一季！,5,20200813
伤不起的小马,保密,cncs未来50年的希望,0,1,饭点到。小破站牛逼！[打call],5,20200813
Ben波ER灞,男,看我干什么O_o,0,1,好像有了以前在姥爷家吃晚饭的感觉，就好像一切都回来了一样[蛆音娘_卖萌],4,20200813
残念永存丶,女,"❕该账号封禁中
",0,1,开饭！！！,6,20200813
乄未命名,保密,????,0,1,开饭啦！！,5,20200813
卑微的黄黄,女,通辽可汗的追随者,0,1,突然多了一大堆更新，吓到我了[doge],5,20200813
臭宝宝梁大小姐,保密,不接受任何批评，哼！！！,10,1,看完了，有个问题，我很疑惑，大家看着辛勤者农作辛苦，呼吁大家珍惜粮食，但我转眼一想，珍惜粮食不就导致农作物销量下降，价格降价了吗，那样对辛勤者更加难受吧…相反，你浪费食物才能增加销量提升价格，辛勤者才开心吧，我的逻辑有错吗?我是不是很负能量…,5,20200821
唯有向日葵,保密,,0,0,太赞了,5,20220115
fhygsf,保密,,0,0,很好看啊，一天就看完了第一季，,2,20220110
bili_65859273846,保密,,0,0,开荒的是陈晓卿，然后就没有然后了,4,20220105
锵锵duan,男,,0,0,真是经典纪录片,4,20211230
阿Kisgoing,保密,,0,0,牛,5,20211206
优秀的手术刀,男,仙客笑我枉甲子,0,0,唉，没有钱每天在温饱线上挣扎，对吃的还敢有什么要求呢，唉，怪自己没本事呗，还能怪谁，百无一用是书生,4,20211128
你安静一点丶,男,新人报道而已,0,0,来了来了,3,20211107
bili_365616185,男,这个人懒死了，但是他写了些什么,0,0,感觉还是第一季最好看,5,20211105
矣祭Styx,女,I AMMMMMMMM A les les lesbian！,0,0,封面是五花肉,6,20211004
洛益州,女,不狂不拽学生狗,0,0,看完了，好快,5,20210927
彼得丶怕氪,保密,一瞬间的感动就值得,0,0,诶，居然都最后一集了,6,20210921
为子茹素,男,为子茹素,0,0,第一季完结撒花,5,20210918
想吃奖学金的白猫,保密,理性做人，审慎思考，拒绝一切感情用事,0,0,字幕挨打！有错字,5,20210911
加西西亚,女,日常纪录游戏，清内存,0,0,看到米饭，稻谷就想起来敬爱的那位[爱心],6,20210824
悲伤の黑芝麻糊,男,,0,0,"去过獐子岛
吃的东西全海鲜
我不吃海鲜
天天吃泡面
[tv_鬼脸]",5,20210813
大运气,男,,0,0,无论是埋头种田还是低头吃饭 他们都不会忘记 抬头看一看天,5,20210730
最后一口薯片,女,,0,0,果然只有在吃饭的时候才能看[来古-呆滞],4,20210721
天涯莫若钰,保密,宅    懒      散       ,0,0,"舌尖上的中国

！  ！  ！",5,20210715
bili_1462751,保密,早无南风天，胸中藏纸鸢,0,0,up主螃蟹。 感谢up在原来那个时代可以搬运高清资源到b站,6,20210615
KOOKVsoldier,女,间歇性愉快,0,0,阿鲲yyds,6,20210524
涟漪倦,女,拨云见日，云上看景。,0,0,给我看饿了[辣眼睛],5,20210517
肥肥的莫莫,男,一只废宅，啥也不会，只有看视频了，看到的抽奖随缘参加，但是从没中过，虽然总共就参加了那么两三次,0,0,突然就想看舌尖，就打开别的视频APP搜了一下，结果跳转到b站这里，我无聊的到别的地方搜干嘛，[捂脸],5,20210508
wuli大哔哔,保密,,0,0,越看越香啊！！！！[吃瓜][吃瓜],3,20210425
淺笑_嫣然,保密,倘能生存，我当然仍要学习,0,0,请问下有人知道，獐子岛扇贝~跑了，出自哪里吗？[笑哭],4,20210331
亦点甜,保密,"更新随缘（＾ｖ＾） 
",0,0,前来回顾。印象最深的就是屋顶种菜第7集,5,20210328
灬取个昵称这么难灬,保密,,0,0,广西这边用的那种打谷机 轻便实用  且制作也不难  成本也不高  建议引进     一棵一棵的割实在是费时费力,5,20210320
雅雅森娜,保密,,0,0,让我看看有多少人是嘴巴点进来的[doge],4,20210317
BuBBui,保密,,0,0,"吃饭时看这个胃口大开
[妙啊]",4,20210220
金云剑雨,保密,,0,0,[热词系列_妙啊],4,20210219
得克萨斯州的沙丁鱼,女,,0,0,饿了来看看,4,20210216
桌子少了腿儿,保密,,0,0,“人们可以在认识和把握规律的基础上，根据规律发生作用的条件和形式利用规律，改造客观世界，造福人类”[热词系列_知识增加],3,20210216
啊啊啊哈哈哈嗝嗝嗝,保密,,0,0,春节快乐啊,4,20210211
子悦学长,保密,,1,0,啊啊啊啊最后我老家[妙啊],4,20210208
七白蒜蒜Koliln,男,新人up主跪求三连啊啊啊！有事可以私聊噢！,0,0,666评论被我打破,6,20210205
爱吃瓜的蚂蚁酱,女,小可爱,0,0,第一季，yyds,6,20210201
一心说理财,保密,,0,0,我老家也有[OK],3,20210122
念轼潏,女,爱她胜过爱自己 宙西邻,0,0,ZZZV 2021011020210119 吃货的世界,4,20210120
淮南唯生,保密,,0,0,你无法诉说这一切是对是错，或许我们要变强大的原因就是这样更有选择,4,20210104
猜到了刚刚好,男,我是新人，请多多支持吖。,0,0,[热词系列_爷青回][热词系列_知识增加][热词系列_好家伙][热词系列_芜湖起飞][热,4,20210101
猜到了刚刚好,男,我是新人，请多多支持吖。,0,0,【doge】,4,20210101
猜到了刚刚好,男,我是新人，请多多支持吖。,0,0,[妙啊][妙啊][妙啊],4,20210101
subuhha,保密,,0,0,[2021][2020][doge],4,20201229
清秋不是秋,保密,若世有神明 亦会胜他半子 ,0,0,oh，饿了,4,20201225
逗比的凡哥,保密,,0,0,北京人有闲自己屋顶种菜的，也是土豪。,5,20201225
月亮说她陪我唱首歌,保密,,0,0,以前最喜欢看的美食节目[打call-圣诞][打call-圣诞],4,20201223
jiujiu的xer,保密,,0,0,天啊，这个点，佛系节食的我饿的反复死去回来,5,20201215
咬一口好吃,保密,只要你努力就会有人看见的,0,0,打卡，完结撒花🌸,4,20201210
wuha449,保密,,0,0,小时候最爱吃糯米 现在一吃糯米立马上火,6,20201206
豆浆菜包,保密,,0,0,獐子岛的肯定捡不到,4,20201120
余生不要指教,男,最是人间留不住，朱颜辞镜花辞树,0,0,好家伙这是全给清了吗,5,20201115
时间就是金钱我的朋友,男,不积跬步，无以致千里。,0,0,奈斯,5,20201112
珠光贝贝,女,这个人好懒喔，什么都没有留下。,0,0,只有一个字  馋,5,20201107
说不清的世界,男,,2,0,舌尖上的中国第一季，第七集33：44秒台词两天后正在翻动的青稞谷粒将变成甘甜的美酒。这~两天就能酿酒。你发面呢？[doge],5,20201105
说不清的世界,男,,1,0,两天就能发酵好青稞酒，你发面呢？两个月可能行，文案这么大的问题？,5,20201105
大兵17,保密,,0,0,[呲牙],3,20201101
Yao苇苇,保密,你不是真正的快咯,0,0,家,5,20201028
南殇离人,男,全力以赴 你会很酷,0,0,感谢款待,5,20201026
谁想真的当药神,保密,,0,0,这瓜也不是自己种出来的，买来的，但是纪录片就不要较真了。,4,20201016
谁想真的当药神,保密,,0,0,如今纪录片其实更多的是演绎，很多时候看看可以，但不能完全当真。,4,20201016
killmachine,保密,我心如火,0,0,鲁菜就这两分钟，也太寒颤了吧[辣眼睛],6,20201010
晚了没好名,男,,0,0,以前b站有第一季拍摄花絮了，现在找不到了,5,20201009
超怂的苏苏,保密,微微一笑很倾城,0,0,多谢款待,4,20201009
夏目的羊毛毡,保密,遇见你，世界都不一样了,0,0,中国的美食真是博大精深！屋顶菜园那个真是向往啊～,6,20201006
c-H_H-c,女,此人正在摸鱼 ,0,0,一夜肝7集[热词系列_妙啊],4,20201006
若初见若相见,女,只想好好的活着。,0,0,2020年10月1日 国庆报道，出去玩是不可能的,6,20201001
涤除玄览能无疵乎,保密,,0,0,前几天还有4K版本的啊！！！！,5,20200929
我好喜欢郭麦麦呀,男,随和点,0,0,在厕所看这个的就我一个吧[2233娘_喝水],6,20200928
喇嘛的武功不过如此,保密,练武之人不计劳累，劳累即身心锻炼,0,0,手抓海参，一抓呲溜呲溜,5,20200928
_何以窥不破,保密,,0,0,之前去马拉西亚的亚庇潜水，那一片水下都是海胆，我第一次潜水，到下面看到一堆堆黑漆漆的球，还带着尖刺，上面还有一只只亮晶晶的眼睛，靠当时吓瘫了，面罩里还进了海水，最后被教练拖上船艇的[囧]后来再下水就有经验了，海底真得超美！！,6,20200920
彼若旧时,男,下班不积极，思想有问题。,0,0,真就阿卡林省啊,5,20200918
楚楚青岚,保密,好想要一个张楚岚这样的男朋友( p′︵‵。),1,0,哪个是小太[doge][doge],6,20200912
早乙女亚芽里,男,花瓶大法好,0,0,弹幕素质呢？,6,20200908
AmazingBian,保密,,0,0,我们就在从江县的旁边的梅林乡，这里生活是侗家人生活习惯与从江的苗侗一模一样，梯田、糯米饭、酸鱼、酸肉、稻花鱼、酸菜、酸笋、酸豆角,6,20200907
吃土的寄居蟹,男,你瞅啥,0,0,小太，你死的好香啊,5,20200906
义海秋霜cqc,保密,忘羡,0,0,话说拍舌尖的导演陈晓卿后来拍了风味人间，风格一样，比第三季好看多了,2,20200905
小枪老枪,保密,对线对不过就不要跟我对，拉黑精神胜利确实缩头,0,0,那年看舌尖就是在B站看的搬运，那时候连广告都搬进去了，一晃都八年了,6,20200904
祝你柿柿如意,女, 清风明月 山鸣谷应,0,0,BGM大爱！[打call],5,20200901
佛系听众,保密,生死有命，人活着呢要快快乐乐，珍惜眼前人，不虚度光阴，其他的随缘吧*⸜( •ᴗ• )⸝*,0,0,矿业无限( ゜- ゜)つロ,5,20200830
新檀黎斗神GENM,男,未终结的梦我们,0,0,来了,5,20200829
Toopet,男,校对人，校对魂,0,0,妙啊,6,20200828
比_方,男,,0,0,好看,5,20200828
雪江云风,保密,,0,0,[热词系列_完结撒花],4,20200827
畅畅201808,男,,0,0,小—————太——————,6,20200827
强迫韦如汤圆,保密,额,0,0,高端的食材，往往只需要最简单的烹饪方式，在忙碌了一天之后，老王决定，拿起手机点份外卖……,5,20200825
沧海一瓢水1,男,没个性 啥啥名儿,2,0,好家伙，河北就没出现过[笑哭],5,20200825
男女通用公ce霹站,保密,,0,0,卫生怪呢？,5,20200825
拿起砖头就是一棒,保密,别人都在努力，你为什么不努力呢？,0,0,[OK],5,20200825
好名字被儿子占了,男,如果你感到失魂落魄，那么我帮你元神归位,0,0,最舒服的纪录片,5,20200824
屑䲜,男,"主要以手游为主
涉及范围不限一类
喜好为音游/GOGO",0,0,扇贝跑了是啥情况，为啥都在刷,5,20200824
秋天的怀念史,保密,,0,0,第一季第七集[热词系列_打卡],5,20200823
枯萎心,保密,,0,0,糯米跟其他米一起煮好吃，又没那么的不容易消化,6,20200823
一条不想翻身的烂咸鱼,男,开心最重要。,0,0,[热词系列_完结撒花],4,20200823
爱尔兰苦瓜,保密,路飞，你一定会成为海贼王！！！！！！！！,0,0,完结，期待第二季,6,20200823
遂小白,保密,签名不能包含图片表情,0,0,8月27日18：30第二季见！,5,20200822
就钓钓魚,保密,网络钓鱼一线牵～,0,0,在上海一个酒楼里吃过蟹黄包 150一大个 一直忘不了,5,20200822
加多宝王老吉都是凉茶,保密,这个人懒死了，什么都没有写,1,0,看完辽,5,20200822
顶碗的水母,男,勇敢牛牛，不怕困难,3,0,看完了都没发现江西= =,6,20200821
伊德海拉er,保密,交流好累……,1,0,我家海边的。现在家里度假村满客了，看着客人去海边赶海赶回来一堆晒不烂。晚上搞虾爬子丸做汤喝，海参鲍鱼海胆扇贝在旁边摆着，但客人们更喜欢吃海蛎子。吃完饭一人一根针挑波罗，抖着腿唠嗑。分完苗，到捕捞季的时候我爸我舅就下海，抓海鲜上来卖。有时候风大海参还能上岸。家里三个大冰柜满满当当，那些我不爱吃，我就爱吃海菜馅的死面包子，一口咬下去鲜的很。,5,20200821
_漱月_,女,我关注的up都会咕。,0,0,完结撒饭！！！,6,20200821
枫林丶挽,男,"我好想玩《命运2：光陨之秋》啊
邪姬魅影能不能快结束啊",0,0,看到芋頭那我想起了芋泥[酸了],6,20200821
莫斯潘安酱,女,"咬一口，是绿色的风
",0,0,太香了,5,20200820
一只鸭子Z,保密,,0,0,看完了，,5,20200820
一只鸭子Z,保密,,0,0,我是纪录菌欧。,5,20200820
一只鸭子Z,保密,,0,0,好吃,5,20200820
反清复明12138,男,,0,0,[歪嘴],5,20200820
大司祭大人,保密,嘤嘤嘤~~~,0,0,最后一集杠精真多,6,20200820
FFF团百夫长,保密,此人已被举办,0,0,没有60帧，可惜了,5,20200820
圣约翰花,男,每个人生下来就是自由的！,0,0,羡慕会做饭的，自给自足，太美了[爱心],5,20200820
想吃泡芙芙芙,保密,biu biu biu,0,0,想看第二季啦,5,20200819
慕慕小天使,女,接舰r活动代打、账号托管，原神托管、挖矿、深渊等，有意请私聊,0,0,小陈安排一下舌尖第二季和风味人间的两季[doge]@陈睿,5,20200819
结界の巫女一博麗靈夢,保密,,0,0,大裤衩是不是着火了[哦呼],6,20200819
懵舒书,男,,2,0,是我看漏了么。是不是少了很多。我们台州的弹涂鱼，养蜂人夫妇，广东煲汤的阿姨，给小孙女做卤味鸡的大爷，衡水中学陪读的阿姨，还有紫土豆什么的，感觉都没看到。还是我记错了是另一部美食纪录片,6,20200819
诺贝尔评论奖得主,男,     ,0,0,那么陈师傅你在哪里,5,20200819
北辰翊亮天间,女,初心忘るべからず,0,0,第一季看完了，该把第二季上了吧[酸了],5,20200819
风韵犭尤存老女票客,保密,君の膵臓をたべたい！,0,0,崇明的兄弟想说有没有菜不重要，能被提到名字已经很感动了,5,20200819
大马哈鱼啊哈哈,男,~(*・_・)ノ⌒*丢,0,0,舌尖上的新年能安排一个不,6,20200818
云吞あ,女,不定时更新的卑微up    ⌯'ㅅ'⌯       ,1,0,希望《舌尖上的中国》越拍越好昂 后期越弄越好[大笑],5,20200818
有丶随和儒雅,男,,0,0,重新观看一遍后听着每段BGM还有旁白，回忆起从前的生活，直似要流下泪来,5,20200818
纸飞飞飞飞飞飞飞,保密,乐意打鬼～,0,0,gkdgkd,5,20200818
瞬覺,男,最好的简介就是没有简介,0,0,第二季第二季,5,20200818
邓紫棋男盆友,保密,,0,0,第二季gkd[doge],4,20200818
爱摸鱼的临时工,男,,0,0,长街宴里没有年轻人，这种文化几代人后可能会逐渐消散,6,20200818
梦殿,保密,每个投稿都是黑历史系列/懒癌晚期 毛虾不要过来啊——！,1,0,最后一集好亲切啊，虽然咱是南方的hhhhh家楼顶也是自己家种的菜园子~初夏一片葡萄藤蔓，里面还有一些瓜藤w下面就是各种各样的菜了,6,20200818
有月念晴,保密,裴大柱我老婆,0,0,獐子岛，基本学商科的都知道,5,20200818
bili_582856240,保密,,0,0,后来和獐子岛扇贝一起跑了。,3,20200817
烤地瓜的企鹅,女,但其实更喜欢吃板栗????,0,0,[爱心][爱心],4,20200817
首席芒果官,保密,,0,0,非常喜欢第一部[吃瓜],5,20200817
明星ちゃん,女,一般通过听歌 打 卡 人,0,0,[委屈][爱心],5,20200817
遛鸟老大爷职业替身,保密,,0,0,最后一集那我以为我正在看螃蟹的一生hhhhhhhhh[热词系列_梦幻联动],4,20200817
时间混乱者,男,,0,0,我就问你一个问题 第二季什么时候安排？[妙啊],6,20200817
过墓的风,男,啧啧啧啧,0,0,我来了,5,20200816
--聆听--,男,,0,0,#舌尖上的中国 第一季#前几日看见B站有了版权才想起来补上这部经典之作。民以食为天，中国饮食文化亦是博大精深。很喜欢剧中的文案，感谢自然的馈赠，满怀敬意。,5,20200816
哈喽小倪吖,保密,愿每个人都有勇气去追逐想过的人生,0,0,噜啦啦,5,20200816
不要留着眼泪说再见,保密,能否把你比作夏日璀璨,0,0,竟然不是大会员,5,20200816
_睡-不-醒_,女,,0,0,以前住校 晚饭吃馍馍冬瓜，视频课看舌尖上的中国……嘴里还有残余的冬瓜香，我在那狂喝水[无语],4,20200816
静毛儿乐,保密,,0,0,怎么说呢 ，我怎么说呢，你好呀，于宴！[doge],5,20200816
云中有山鸡,保密,,0,0,2020。08.16.8；15,2,20200816
颜秋泽,保密,（いつか いつか  願い続けた  柔らかな世界へ。）2022.6.22再会.,0,0,"那么问题来了：“无论埋头种田,还是低头吃饭，他们总不会忘记,抬头看一看天。”到底是谁写的[吃瓜]",4,20200815
何塞阿尔卡蒂奥第二,保密,"我气愤又无奈，颤抖着地手指，没有按下一个字。我的态度终于恭敬起来了，分明的自语道：
“我们马戏团屁用没有”",0,0,真神奇，每次更新弹幕都会少几十条,6,20200815
十几个炸鸡翅,保密,,0,0,字幕组扣鸡腿[热词系列_锤],5,20200815
Limit哒哒,男,纤纤处子腰，扰扰绾青丝。离别愁绪，乱红缠絮，伤春悲秋非此意。,0,0,"建议更正一下怎么，疏漏处太多，影响观感。
ps.坐等第二季[干杯]",5,20200815
鹅鹅鹅外,男,,1,0,第二季没了吗，记得昨天还有来着[囧],3,20200815
重生之道我是御龙神,保密,"王来承担、王来允许，王来背负整个世界

",0,0,饺子好吃。盒盒盒盒,5,20200815
一大颗孜然,女,淡然执手度清平，一个普通打工人的三餐和四季！没有好看的餐具和布景，但我有一颗热爱干饭的心(´▽｀),0,0,红烧鱼蒜蓉空心菜已经到位，备用粮食—泡面也准备好了！！！,5,20200815
腹黑联盟,保密,腹黑的反派联盟！,0,0,FX=那里都可以下载 观看 我 更愿意来B站看 因为显示 正在看的人数  就会想起 儿时站着把葫芦娃 更能感受视频的温度 [微笑],5,20200814
破坏大地,保密,！,0,0,希望能把第二季也给买了,4,20200814
破坏大地,保密,！,0,0,希望能把第二季也给安排了,4,20200814
哇等我一月,保密,我可是有着一只名叫巴卫非他不嫁的狐狸。,0,0,看完留念[OK],4,20200814
xcass,男,说一声再见，就是死去一点点,0,0,惊了,5,20200814
叶先森1023,男,认清明天的去向，不忘昨日的来处。,0,0,期待第二、三季。,5,20200814
哲修master,保密,啊。。。。。,0,0,本片又名《舌尖上的日常泄露秘方》[滑稽][滑稽][抠鼻],3,20200814
快来帮我取个名,男,,0,0,不知道看了多少遍了,4,20200814
蓬泽咲心,女,,0,0,扇贝什么意思？看到很多弹幕在发，不懂就问[微笑],4,20200814
吃喝玩乐的鲲KUN,男,,0,0,终于不用去央视看了[呲牙]（因为太模糊了）,4,20200814
香風·智乃,女,拉黑 骗得过自己，精神胜利法,0,0,吃着大闸蟹默默地看,6,20200814
Fetzigerad,男,命运如此，人何以堪？莫存怨怼，但念付出,0,0,要是我也能写出像片中文案这么好的文字，我的高考作文何至于写得那么水[大哭],5,20200814
你想成为哈利波特吗,男,,0,0,啊，这,4,20200814
愈林青青,保密,我想再温柔一点与这个世界道别,0,0,第三季真的不伦不类的，看的无语，第一季果然是无法超越的,5,20200814
我馋菜男人的身子,女,,1,0,多看看舌尖上的中国，你就会了许多地理知识[doge][doge][doge],2,20200814
消消消无,保密,,0,0,一边吃饭一边看，下饭,4,20200814
沉池不是我非,男,,0,0,吃完饭看这个口水都流下来了,5,20200814
弥祡尚乐,保密,混邪跑团kpl的绘画游戏日常，米画师同名,0,0,第二季快点安排,6,20200814
叶灵宵,保密,AtR双厨狂喜!  咒术高专祝您前途五悠。邦邦200ap达成，es2暂时全曲pc，arc单星废物。肖某洄游解莫挨老子。,0,0,哔哩哔哩无限矿产公司。[星星眼],5,20200814
女流氓O_O,女,在外星人眼中我們就是外星人嗷,0,0,哇哦～,5,20200814
茶之花丶,男,喜欢凤凰传奇 谭晶 娄艺潇,0,0,第二季第二季快来,5,20200814
爱骑小绵羊,保密,,0,0,热乎的,5,20200814
我和我的墙头,女, ,0,0,以前看舌尖上的中国还是用老式的大头电视机和爷爷奶奶看呢。好怀念啊。,4,20200814
茶丸暖卷,保密,你好呀~,0,0,谢谢！我听完了，大晚上没敢看。,5,20200814
艾柚萘,保密,(๑•̌㉨•̑๑)੭ु⁾⁾ ༘ؓ ँั๊ྃ 帅得不用穿衣服好么！,0,0,一直记得小学时按时守候舌尖1的那份馋,5,20200814
夏木の鸢,保密,,0,0,我是真吃不了糯米制品[喜极而泣] 用我们东北话说 吃了烀胃 不消化的感觉,3,20200814
明眸-雅望,女,原神＆崩坏3up主，学业繁忙，随缘发视频。粉丝群：817869238，人送外号mua佬，感谢你们的支持！,0,0,连肝完7集，顶不住了，睡了睡了[灵魂出窍],6,20200814
女子想月半,男,关山口男子职业技术学院 玉盘散流光，曲音绕庭梁。浮生多轮回，无由追过往。旧时一梦里，前路来时明。人生如逆旅，我亦是行人。,0,0,啊啊啊啊啊啊啊啊啊啊啊啊！！！！！,5,20200814
清风划过,保密,,0,0,吃完外卖的我进入贤者模式,5,20200814
一个大桃叫Doris,保密,,0,0,原来的哄睡神剧来了,5,20200814
玛格丽特已成年,女,,0,0,天呐我居然看到我的贵州了,5,20200814
玛格丽特已成年,女,,0,0,我大贵州的美食多多,5,20200814
一杯半糖冰奶茶,女,青椒炒肉终极爱好者,0,0,这部纪录片是看多少遍都不会腻，永远热爱美食，永远保持烟火气。,5,20200814
枫叶荻花红,保密,,0,0,猜我刷到了什么宝贝，啊好饿( •̥́ ˍ •̀ू ),5,20200814
豆豆是狗,男,"天上白玉京，十二楼五城。
仙人抚我顶，结发受长生。",0,0,啥子都不想 只有找个馋嘴的婆娘带在身边 把舌尖上的美食挨到吃个遍[OK],6,20200814
快去画画,女,心有所觉，但亦作不解,1,0,第二季搞快点[doge][doge][doge][热词系列_妙啊],5,20200814
栖淅,保密,,0,0,[热词系列_吹爆],4,20200813
梦幻雪米拉比,保密,,0,0,第二季真的绝[doge],4,20200813
草丛三宝,保密,天天都在期待世界末日,0,0,第二季安排一下吧，卖刀的广告和qj爱情就不用安排了[doge],5,20200813
小羊小羊几点咯,女,,0,0,"舌尖上的中国。
是妈妈的焖面，油焖大虾，糖醋小排，可乐鸡翅……是奶奶的糖醋鱼，红烧肉，鱼香肉丝……是高中对面的煎饼果子，灌汤包，烤肉拌饭，烤面筋……
舌尖上的不只是味道，是记忆，是幸福。",4,20200813
雾漫小东江_,男,及时止损.,0,0,来力来力,4,20200813
大禿鱼在田坎上跳拉丁,保密,剁碎的小米椒和米豆腐是绝配！,0,0,木姜子简直噩梦,5,20200813
